-- phpMyAdmin SQL Dump
-- version 5.2.0
-- https://www.phpmyadmin.net/
--
-- Host: localhost:3306
-- Generation Time: Oct 21, 2025 at 06:53 AM
-- Server version: 8.0.30
-- PHP Version: 8.1.10

SET SQL_MODE = "NO_AUTO_VALUE_ON_ZERO";
START TRANSACTION;
SET time_zone = "+00:00";


/*!40101 SET @OLD_CHARACTER_SET_CLIENT=@@CHARACTER_SET_CLIENT */;
/*!40101 SET @OLD_CHARACTER_SET_RESULTS=@@CHARACTER_SET_RESULTS */;
/*!40101 SET @OLD_COLLATION_CONNECTION=@@COLLATION_CONNECTION */;
/*!40101 SET NAMES utf8mb4 */;

--
-- Database: `absensi`
--

-- --------------------------------------------------------

--
-- Table structure for table `inspeksis`
--

CREATE TABLE `inspeksis` (
  `id` bigint UNSIGNED NOT NULL,
  `pengawas_id` bigint UNSIGNED NOT NULL,
  `tanda_tangan` text COLLATE utf8mb4_unicode_ci NOT NULL,
  `tanggal` date NOT NULL,
  `created_at` timestamp NULL DEFAULT NULL,
  `updated_at` timestamp NULL DEFAULT NULL
) ENGINE=InnoDB DEFAULT CHARSET=utf8mb4 COLLATE=utf8mb4_unicode_ci;

--
-- Dumping data for table `inspeksis`
--

INSERT INTO `inspeksis` (`id`, `pengawas_id`, `tanda_tangan`, `tanggal`, `created_at`, `updated_at`) VALUES
(1, 2, 'data:image/png;base64,iVBORw0KGgoAAAANSUhEUgAAAyAAAADICAYAAAAQj4UaAAAQAElEQVR4AezdB5ytW1nf8TFBBQxiIogtCmqkCJaooCDBCqJEY2yIggW7YG/YG4q9gB3FDsaKghobVhASFAVRUdEYQQUMdhQF8nyvZ987d+7Mmbb3zC6/+3nXXW9/1/q9+5yz/u9T1r/Z678IRCACEYhABCIQgQhEIAIXRCABckGge0wEbkigPRGIQAQiEIEIRGD3CCRAdu+d1+MIRCACEYhABCIQgQhcGoEEyKWh78ERiEAEIhCBCERg9wjU4wgkQPoNRCACEYhABCIQgQhEIAIXRiABcmGoDz6o7QhEIAIRiEAEIhCBCOwegQTI7r3zehyBCEQgAhGIQAQiEIFLI5AAuTT0PTgCEYhABCKwewTqcQQiEIEESL+BCEQgAhGIQAQiEIEIbD+BtelhAmRtXkUNiUAEIhCBCEQgAhGIwPYTSIBs/zuuhwcJtB2BCEQgAhGIQAQicGkEEiCXhr4HRyACEdg9AvU4AhGIQAQikADpNxCBCEQgAhGIQAS2n0A9jMDaEEiArM2rqCERiEAEIhCBCEQgAhHYfgK7J0C2/53WwwhEIAIRiEAEIhCBCKwtgQTI2r6aGhaB7SNQjyIQgQhEIAIRiEACpN9ABCIQgQhEYPsJ1MMIRCACa0MgAbI2r6KGRCACEYhABCIQgQhsH4F6dJBAAuQgkbYjEIEIRCACEYhABCIQgZURSICsDG03Pkig7QhEIAIRiEAEIhCBCCRA+g1EIAIR2H4C9TACEYhABCKwNgQSIGvzKmpIBCIQgQhEIALbR6AeRSACBwkkQA4SaTsCEYhABCIQgQhEIAIRWBmBCxMgK+tBN45ABCIQgQhEIAIRiEAENoZAAmRjXlUNjcCZCXRhBCIQgQhEIAIRWBsCCZC1eRU1JAIRiEAEto9APYpABCIQgYMEEiAHibQdgQhEIAIRiEAEIrD5BOrB2hJIgKztq6lhEYhABCIQgQhEIAIR2D4CCZDte6cHe9R2BCIQgQhEIAIRiEAE1oZAAmRtXkUNiUAEto9APYpABCIQgQhE4CCBBMhBIm1HIAIRiEAEIrD5BOpBBCKwtgQSIGv7ampYBCIQgQhEIAIRiEAENo/AcS1OgBxHqOMRiEAEIhCBCEQgAhGIwNIIJECWhrIbReAggbYjEIEIRCACEYhABA4SSIAcJNJ2BCIQgQhsPoF6EIEIRCACa0sgAbK2r6aGRSACEYhABCIQgc0jUIsjcByBBMhxhDoegQhEIAIRiEAEIhCBCCyNQAJkaSgP3qjtCEQgAhGIQAQiEIEIROAggQTIQSJtRyACm0+gHkQgAhGIQAQisLYEEiBr+2pqWAQiEIEIRGDzCNTiCEQgAscRSIAcR6jjEYhABCIQgQhEIAIRWH8CG9PCBMjGvKoaGoEIRCACEYhABCIQgc0nkADZ/HdYDw4SaDsCEYhABCIQgQhEYG0JJEDW9tXUsAhEIAKbR6AWRyACEYhABI4jkAA5jlDHIxCBCEQgAhGIwPoTqIUR2BgCCZCNeVU1NAIRiEAEIhCBCEQgAptPYPsEyOa/k3oQgQhEIAIRiEAEIhCBrSWQANnaV1vHInDxBHpiBCIQgQhEIAIROI5AAuQ4Qh2PQAQiEIEIrD+BWhiBCERgYwgkQDbmVdXQCEQgAhGIQAQiEIH1I1CLTksgAXJaYp0fgQhEIAIRiEAEIhCBCJyZQALkzOi68CCBtiMQgQhEIAIRiEAEInAcgQTIcYQ6HoEIRGD9CdTCCEQgAhGIwMYQSIBszKuqoRGIQAQiEIEIrB+BWhSBCJyWQALktMQ6PwIRiEAEIhCBCEQgAhE4M4GlCZAzt6ALIxCBCEQgAhGIQAQiEIGdIZAA2ZlXXUe3mEBdi0AEIhCBCEQgAhtDIAGyMa+qhkYgAhGIwPoRqEURiEAEInBaAgmQ0xLr/AhEIAIRiEAEIhCByydQCzaWQAJkY19dDY9ABCIQgQhEIAIRiMDmEUiAbN47O9jitiMQgQhEIAIRiEAEIrAxBBIgG/OqamgEIrB+BGpRBCIQgQhEIAKnJZAAOS2xzo9ABCIQgYsi8LJ5kDJVSwQOEGgzAhHYWAIJkI19dTU8AhGIwFYTePWt7l2di0AEIrDBBM7b9ATIeQl2fQQiEIEInJfAv5sbfMaUf57C4qH82axb/sH/KhGIQAQisD0EEiDb8y7ryYUT6IERiMASCLB0vGDu89ApN5qyf/nH2XiDKS0RiEAEIrBFBBIgW/Qy60oEIhCBDSGw3+LB0vGK0+5/mfKZU2425eWulJtM7fhUB5Y2IxCBCERgYwkkQDb21dXwCEQgAhtF4JWnte895VunvHDKfosHS8frzL4vnvJ3U1oiEIE1JlDTInBeAgmQ8xLs+ghEIAIROIrAf54Dnz7l56f89ZT/MeVDp3C1eunUC4tHlo6B0RKBCERgVwgkQM78prswAhGIQAT2EeBGdY/ZFkz+uKlfMuWpU75kyttNsTxh/veQKW8+5d9OyeIxEFoiEIEI7BqBBMiuvfH6G4FtIFAf1oHALacR7znlK6Y8eQrXqV+YmmvVu07t3xeuVY+c9feZcvMpbz/lYVN+fUpLBCIQgQjsKAH/QOxo1+t2BCIQgQickICg8DvMuR8+5Tun/MGU5035wSmfNOXOU7hV2e+4895o9t10yodN+YEpfzOlZQsI1IUIRCAC5yWQADkvwa6PQAQ2gcD+rEvmmLha+afpkEBpAdMCp2dzp5ZXmd5ypXrQ1N885VemmJ/jt6e2/YCpX3+KrFVPmforp7zXlFeb8p+mfNAU/J45Nc5TtUQgAhGIwBIIbM0tEiBb8yrrSAQicAiBhfD44znGNchX+lm96vIKc1SgtIBpgdMCqAVSC6ieQ1uz3Hh68pZTPngKN6qfnlrKWxmquFI9fLZZMu42tXgNguMnZl3g+NtOje1dpv7kKT805flTWiIQgQhEIALHEkiAHIuoE9aOQA2KwPEEDI4FQxMQhMerziUG1gbP++eZ4Fp0sAiQFigtYHou2xNALZBaQDXryK3s3KBCPNx+2sui8wVT//CU35/y91NYML59am5U7zS1SQH18Wmz/j1TPm2KeA4pcl/+yrrA8V+cdedN1RKBCEQgAhE4HYEEyOl4dXYEIrD+BAiExcza/o7z5Z7wMIg2eBYsfbVeCJAWKC1gWuC0AGqB1C+ei1hHfnXq15iyjst/nEa9y5RPnfLdUwgJQoM7FIvOZ8++95iymF2cEPmR2SZM9JNQeaXZfrMp95/yZVNYPf7v1Ncs/S8CEYhABCJwXgL+cT7vPbo+AhGIwLoQIAwIBClhF8Lj30/jTiI85rQbLAKnBVALpCZgnj1niH8QF0HozOb1FgN7wkUcxGfNEbEQPzX170yRllZMBHH0R7P9m1NYEh4/9aOniK/gCkUkfPxsf8gUsRX3nPqtpwjqJjCIokWcxsfM/m+aoj1/NfWfTHG/L536A6a8yRQsuFZxsfqq2eZyxfWK0HjD2f7vUz53in7+7tTaOVVLBCKwZgRqTgS2hkACZGteZR2JwM4TIAgMxAkEQuG1h8hZhcdceujy0bP3L6a83pTfm2K+iydN/edTiAsWhZ+b9UdN+cIpYknuNfXtpiz+vuUOduvZfuMp/2UKi8V9pxZvwRWKNeKrZ/vbphAF/3PqJ055xhQCg9DgTiZO4xGz7yOmiNMgTASLy07lXNd9yxxzz0+Z2rmPnfq3priHAHtxILPZEoEIRCACEbg4Aot/EC/uied9UtdHIAIRuCEBlg9WBcKACHibOYVQmOpECyvBbedMcRAPnPrzpxARxMSzZv1FU4gM1gxCZzb3DPjFR7zVbNjHcvCns04sPGZq7ksySb37rHNpIjxuMuvOlS1KrIlsU+82+2SWIjy+d9Z/eQoB9bdTEzVTnXgRpyEb1R3nCsKHqJGlSjzHj80+FhexLBjho1+eI/ZjDrdEIAIRiEAEVk8gAbJ6xj0hAltDYE07Qnz80rTN4N7Edwb1XI5m1zWLIPPXnDVCQZyDrE1fN9s/OkW8B5co13E/4qYk3uNz5hg3Ku5UxAJLgYD2p89+Lk7muvjLWbe4lkWDiOEixRrxfnNAAPfXT23gLxbj/826c53H9ekdZ5trF0sJVy3PfP/Zd/cphJRgeQKEWDgYpyGbFzcsbmHExl3nGvcTaE5AfcJsux/xwQpCEInlwIkFRFYw7ZnT9gTsEz042q5EIAIRiEAEVkogAbJSvN08AhFYMQHiwgBd7MVz51liGVgdBGD72s8qIlvTc+YYV6nvn/rLpzx4yn7LBNclg3IDdNYCrlsfOedwjzLAN0g34Oc2dZ/ZT5zcaWoLcfJ/ZoUFZKprl9eaNRaVj51anIZ7C2TnRkXEHIzTYGH5mTmXaBD/YXK/q8VpEESCw83PoW+sNSYGlNXqa+Y+hA2xxUWLIGKtIc7EhdxmjrPIEB0mD8RP+7KEDJg1XWpWBCIQga0hkADZmldZRyKwlQSkkH3d6RmrwP2mNh/HN0wt9sKXfINwg/TZtcfKYVAv/a4AbPEVLBPcklg5fmNOEgNhfgsxEe8724K7CQVWCYNyA3TZn2TNEhT+k3OOAb5MUrN6vWW/leWg0PA87lgsKl87VxEB+qAtrBoC5VkmBJubU0OgPDEg4Jxo4P71v+Y6FpOpVrYQPdq1ECEsIYmQleHuxhGIwGYSqNXLJpAAWTbR7heBCJyGwH+Yk990ijgIlgsCQkYoA3Rf91kvFpYJ8RHm4/ioOd/XfBYIbkqzuSeWwYSB3zEbYikEfxvMC/5mobjl7DeR4H+bmkVCtilpaX9ttllOiIJZvepCqBwUGosLDgoN1gUuWgb0hMzHzYnaIzDe37tiVIgS4oSlRlD4nHIpCxFCrC1ECIvSpTSkh0YgAhGIwG4Q8A/hbvS0Xp6bQDeIwJII3HvuQyhIk2uQvt8yYf4KGaHENBiss4AIlmYN+KG5jnD4xKmlp+WiZHs29wzy32FWpJjlhiWDFHcmmaqImDl04uUwoXGURWNx08OExi3moIE9Vy4xJ9rDFWx2r93CmsPtS8PMdaKuRCACEYhABFZCIAGyEqzdNAIROECAhUNsApcpwdAfOMeJi5dOLfhbyljB3+bAICLMPi74W4wHlyBig+jgOiVFLTFClDhnbrEnyHvvlP+dRmgcZdFYPHLVQmPxnFXWYl3cX8C7uhKBCEQgAhFYCYEEyEqwdtMI7DwBbk8muOM2ZTI/sReEhbknWDQEZcva5Gv77YfWO0+REeqLpmYdMccFl6DZvOrCfcsJVxMgyxAarDGHWTQ8e1uKWBR9wV5diUAEriHQ/yIQgWUTSIAsm2j3i8DuEhAMLs2t2AouS6wUAsfFaYizEPxtkCtYXByHrE0HM0edhp6sVALUZbCSHneVQmNdXadOw+u4cwlC5yRAUKhEIAIRiMDKCJxYgKysBd04AhHYZALS05q7gtvO86cj0tyai4IYkW6Wu5R5MVgQBH8L0guPdwAAEABJREFUuOZ2NaeeajHfhYxV3LAEdD9srpZydqo99xNPcljWqaNcp7TnMIvGLggNzA4WVigJAQSkc4k7eLztCEQgAhGIwNIIJECWhrIbRWBlBNbtxjefBonh+PGpWTrMmyG7lIkAnz37vmyKmA3WCQHjT5zto7JMST8r9kCGKEHQYkC4Z5m8T4yHAbFrzbPhPj8w9zLHhUn+BJ3P5p4UumJFiJBNDwbXn8soLFOeSyCqKxGIQAQiEIGVEUiArAxtN47AVhHwdVxq25+aXrF0iNMwIZ/Bv0xTD5390ty+/tTEgcxWZgU3+/h7zj7WDyl2iZUnzPazpphbw2zc3KcEoctcJYWu9LT/dY6/xZRbTWHhIESeOuuEyTdOTahI1Ture6whhIw5Ni4yGNyEfp5/2ixbrlm3shAguV/d4M20IwIRiEAElk0gAbJsot0vAttD4NWmK4tYjefN+rdOudcUA30B4sQEIaDm6vR5c+x/T5HS1aCcC9aTZpurlPkupNjlrmWwK3vVTefYP0wx74SBr4B11hMuVlytuFxxvSJyTNJHkLz7nP/RUwSrc/+a1T2i6DLm0dBGz3+E/21wIRRZsHTBe1BXIhCBCFw+gVqwtQQSIFv7autYBE5N4EZzBSvGV07921NYHb5h6refImUuUSHgezb33mD+9wFTvvBKMdeFVLtvPtvS5k615/qF1YJbFbHCzYqI4XbFaiFW5A3nZGl33Y/1xJwZAthNEmgyQq5Vc8r1FiLoDlf2cNW6snqhlSxfHvjD/reh5e7TbtYq2ciIuOI/BkhLBCIQgQislkACZLV8l3H37hGBZRCQMeqN5kZiLaTD/axZJy6kx/2tWZcql7ggGMRtGNyLq5hD1y4sEQb+Z7FasKSwWjxq7vbTUwgcA95ZPdOiL9ryx3O19kx1octt52kYsfaw8szmxi1+Bz8/rWa98juQRWw2WyIQgQhEIAKrJZAAWS3f7h6BVRMw38brzUPeZooUuB8/NTcmblEGl75osyC8cPY/Y4pYCxMCslwQBawWd5r9UuVOdc0iNoNAcA9WiwfOXlYL54kFOavVYm6ztOUk838s4WFH3mJh/fjROUOQ/FQbs7B0EZ9+Byxbnzst54J1GUJuHt0SgQhEIAK7RiABsmtvvP5uCgEDQ775d5kGv8eUj5ki0JsFgYgQuP2Xs+9FU/5wiuxPUuBKe/spsy3WgluTL/XuJZBbJqk/mmMHB8yOPXn2CxQXayG2govU/Wcfq4WBKqsFAUPIzO5LX9ZFgGya+xVrh0xXxCfB4bcl8P/SX2gNiMANCLQjAhHYWgIJkK19tXVsjQnI7PRm0753nfJhUwRvf8vUj5vy61PETrBaCOIWB2GQK9D5M+bYB03hRkUgsEb842xLffsrU5sAUIpawd7iKcRuyCb1JXPsd6ZIi3ubqReuVSYCNBAlOmSrMlGgZ88pa79cpgDBS0A8tzUZvdYe1pUG+s2I97jrbIutIW65Xs1mSwQiEIEIROA6AqteS4CsmnD33yUCBIFBHoFAKBAMhAMBQUgQFISFQT6hQXAQHlxgCBGChDAhUF4y4AwSWSZM8vf1s/2ZU/jtL9yhfM0294bUt4KJ33eOf8KUn50iPkG6WnN1PGS2xUyI8WABmc09QuUd9/b2BIfLcDWrG7VwOdNgA2r1RRYTLXoe9yvvyfq6F9nD/JZY1VhA/M5YtNa93bUvAhGIQAS2kEACZAtf6pK7ZNI5gxYDa19O7z33N9D98Km5+oglkLXIvBAGyr6qS8UqtepfzDkGaFx8fC020OUGZN6Ip80xg3JfkH9y1g3Sv29qc0EYbH/FrHP/Mej+pFmXelUGpfebdW4j7zy1dK6+4pqPQSYlKVtvOfvFM/Bzn9XzLNde635cmbg0cW3Sb65OXJ64PnGB4grFJYprFBcprlJcprhOaa924sgdChcD58fPE6S2ZQHB8z6zLQuVLFLarz8sE+INHjTHvngKzgt3KHNozK5rFhP/mWdDW4gb4kebZa4idAgibKTWdcF3+t8Gl4UbmTlJLrob3odn+s2q170QuP5sSntMlJrA0W913dtd+yIQgQhEYEsJJEC29MVOt2QsMtiULlVqVO44Ak3NYP3gOS4LkmDlb571x0z5iSkmdjOA9qVehiKDPLVt+x13nvNd53r3cT/3dX/P8TzP9Xy/MS4/BvEGwAbVxALRYFBORBATBunEBZFBbBAdxAcRQowQJcQJkWLgR7QQL0QMMUPUEDdEDrHja79i3T7HnONc17iWUFB+ZvouYJsb01NmXV8N5F1HWLiHYG7nCMzWb8Hegr59iRcELhhcfITgbQKBUCAYCAcDVkJC3wkLAoPQIDgIj8+fZxIiBAlhQqDMrqsumBKEXzVn6Zuv21yvtEWbDTi5Yd1ijnPDIjhYQQSQ/+3sw2GqjV0WX+/NJ3KRnWB1Mtkhxn6DF/ns0z6L4GClIXB9CFj82bJ+2ntd/Pk9MQIRiEAEtpaAweHWdm6DO3Zeq4O4AMVAliWCRYJlwqDUwJjFguXCl3wDYBYNlg0DWpYOX+q1AcK/nv9xBTLge+KsG3T58s916MtnW5Ykwcu+sBMRvq7yjzcw5EpkYC5d6ivPuQSJOARf5vnwG5SzKni2Qfr95hwZl1gNPnnWiRtWBPNSLLL2PHr264fJ50yaZuD9m7PvWVMIJV/EDbC5OhnsX034cJVSuCJpx93mHm85BQMDeYJJ+2fXiRbzWhjkE2HvOVdwqyIKHjbrBNsPTM09CkMiipgiqogrIovYIrqILyLMgJEow5VI00bzbWDAjYsg5HJF2Mhc5f7eJdGBp4n9/m6euVg+4sqKZ1xZ3dhK+l2Nv7X/XWDxLog/YvHFF/jc0z7Kn7/nzEVcr1jK/CZZ5WZXSwQiEIGrE+hoBFZNIAGyXMLrYnXQDq43vuD/wXTR3A6+3vsa6ku4YGODXYNjg9L7zjnvMsUAXKpVA1rzRhhoqW3b77jznO8617uP+7mv+3uO53mu52sHMUAUEAdEArFANBAPRAQxQVQYWMu4RGwQHcQHEUKMECXEiQE38SS2wgDetawWhBa3Eu5eRAfxMV266mIASaSxjJjMjlWEu5KBPEuHARvLhDZpmzZ6njZruz7oiz7pmz7qq2drAwGD3bIsPthyocGfmNvfOZYNFigC0Bf6/cesE5TEiffxXXZseLksAULYQUdAqtexsHj4Xfqz6zdJ7HMVXMe21qYIRCACEdhBAgmQ6166AZov/75+33Vvb89XeQM2FgKWAoNelgMWBANRFgWWBQNfg1gWB8W6fY45x7muca17uJd7urdnrMrq4Ms9C4QvoSwSBqa+3rJUsFiwXLBgsGSwaPgqz8LB0sHiwfJxHZ3Vr11GADehxh3qdtM9MRS+EnNX4lolBS0LhHdF+LDOGHx6ZywRrDcGdqw5rDoEASsPa49i3T7HnONc17jWPdzLPd2buCKyiC2ii/giEkwQyA1umnftwn3GF+3nzp79wsd5nqu93qUUq0QUS4y4Ey5y+st97qLf7TR16ctlCBDv1J8jwpUFZOmdOucN/b4IDzEf3AZlOPP3mj/P57x1l0cgAhGIQASWR2AbBIhBlYGemAOxBwaRvgQbcIlNMKjjs88FxuBLDAPXFX7+BnBiHAze1Lbtd9x5zned693H/dzX/T3H8zzX87XD12Vf/X39ZwXwxZpVgHWAlYC1gNWA9cBXbNYEVgXWBV/KfbFcltVheb+S892JJcAA3MB7XQO4z9fDG17NCuLLM6uI35RBIWsJqwnrCSsKYcqqwrqy3+LjuKxWD5jbvvEUvwf3c57fC+uKOASzVhM3fnsGxv4sy45FvPgNy46F9w/OPVxv/6zufbf/rX05voGXIUDE7LzCNI0bnQH+rK7F4s8Yy5gPCD44+G0R1TKc+bttLRpZIyIQgQhEIAILAgYti/WLrg2sfJn11dbg3YCJG4nBlIG4L+KvOY0SqPxeU3/cFEKAXztXGYM6A6tlWR340L9gnmHAyCVHMPCTZpuI8LXzh2bdF+WFz77gX0HG3B1kHOK3/+lzjkxERIs5GQQ3c+0hSNybe5D+GTj6Ii4Am1VCatVPnGtNCEaoiAkweGCdeOTsN/hkRfFVXBu4HhFHnmGAacAhn7+Uq9rqC/giuJoVBi+pN7lhGKQIwua2xEojY5KAZF/bWT+eOc8TcI2vQGxpWwU5+4rKp/zP5jgrj8E1lyeB176oG3D76u59+ELs3Rj8GKi5H47a7h0eFsDtq77nX0QA93RhrRa/e1YQ7P1mCFwN9H5YrEwMyFLivdp/VMGOJYVw4YZF8HrPzidc1AbPzvN1nPXHvk0slyFAWK2wWif3K23y50tskLggIsk+f061tRKBUxPogghEIAKrJnARAoQrENcAriEG1gbCBqcG42qDVYNWg1cBswazBrUGtwa8Bst88s1bwH2J24qBuy99BMyyGBkECt5lifDFXp78t56bs3SYn4Eri6xCBoIGiwQD4UGAECK+MEvNqubaRIiYAI5LDdcrmY4+Z+7HkuI6YoU1xIDRvQzKuUbJmiQAmZVEELPnESgsL9yCfNUWmMyFy3wE2mXA+m5zb4MPX8kFLC+Cq7UfLwNSGZv0iagTbM2Co58yUrHCCKC+/dxH//EViC3IF5PXnv0EoUGrr+5YEYnEIlFlkExEEpNE5eLdcBki6Igg4hEbcRzab+4KX/td56u+NviKr78Cpf1eiCuWAwLIvaYZW7NgTHAaLIppwd6fB5y8J++I9Yxl7bSdJja52XnX7uF64lr9TvM/VhfPZe3zG/QeZvfGLASyxvp9qlddWD782SKqWTVX/bzj7m8yRPFKPoxY98HCn1sfII67tuMRiEAEIrCeBHamVcsWIAYDsq4YZP/YUPTlnLBgSWAVMLA2EF4MTueUYxeDToMyaS99Zfel3Bf4P50rfaE3uP2dWZf+lOsJVxfWCy5QrA8Gr54vxeovzXlcXHyNX3wJ5g7D3co/5tpscOEfdaJHbAQ3GQNCrisGcgKTWUEEJ+uTgZzBoxgPIollREYjX/plPyJOfIlm3eCbbVBocG1yuE+b9hBVrCcG5aw83LwIHF80ibYPnXPEIvgSzi2HCCLCuHCJVWAdYkXBXfwCsSTGwEDeQJPPOvene8x9DPjFnBCEYh7EhkgHyxrjq7n4FxPYcd8QOG1Qepu5jsVGfAy3H4MdsSUCrIkGmZ/4mRMg0n4SnAZrvrj7fandjxDSdqILJ9Yb7+TZc38CdKqdWDDxrlg6DKIJTi40xLbfBsY4Ed7LAuL9uxehSmT6rbGm+LPl90AUstL5s+M36rfg/HUu/j7gNun3R8Cuuq3Eh+f4gOLjyKqfd9T9WY5Zr1g9/FkXb+Yd2ufvx6Oua38EIhCBCERgbQgYDJ21MQYvvgbuL9x1DOB98TcY9uXcP5hHPYPLAJHApcGg1EDcoNrXX1/cXWsA66u6wa0v7Qa9vh6DtVYAABAASURBVMIbEIu/MLg1aDZ4NnAymDaoNrg2yDbY9g+0wbdBuMGYQbnBuUG6wbp/yLXXwNBg3qBeOwzyDfYNCA3+iQBigCggDogEYoFoIB4M7PSBqCAuiAxiw8DSwI4IIUaIEuKESCFWiBb9J2KIGaKGuCFyiB2ih/ghgoghoog4IpKIJcyJJyKKmCKquNkQWcQW0UV8GfATY0QZ7kQasWbgSbwRccQcUWdgQxxwdfHlnOAT+OydiXPhUkYMGgRys+LCZlDoa735Nxa/j6Pe/dH7t/MIa5HfBKbel9S/empAy5JFvPtt4Gr/sgorlz+H3qF3zc3Lb82A2p8flja/IYNXf35Y9PweCBK/T38Wl9WWZd/Hb9M9WZLUqyzcmtzf31XqsxZCnQXUn5HF352swSe5n35yofT3A6HvXfl7b5li9STt6JwIRCACEYjAuQicR4Ac92D/qBpsiUUQy2AQbgBv8O8fUv+A+ppOJHAjMng3EDeo9g+qL8LHPaPjEVh3AgSxGB6/Z6KTNYlYIzBZI7jHiePhjriKvhA37ituSL2/GMD7s0lwc7cjssXpEJisX4S0AS9XLe5wC9G0/x6Xua79nk+8qVdVWGx9nHB/70p9luLDCYHJLdOHlcU9fGhZrB9WsygSG2KkfFDx9yPhwa2Tdfiwa868rwsjEIEIRCACqyZwHgHiH2X/cB5VHDeIEY/gK6uvu77i+yLv66ov5avuX/ePwGUQEAPDcmbwzuogpoXg9rsntMXSsJ6xRqy6feKFPIOwVx9VDIxZ2MQZEUlECXFikG/gzH2S2xhrl4QIBuQsk0fd7yL2a5vnrFqAcB9kfWU1JMY887SFlZYV6iAz7od+D0fdj+AgPFhQncvVikWXhfKoa9ofgQhsJoFaHYGdIXAeAbIzkOpoBE5IwECdm52Aea5y3Je42XCL4/Ikrob7k0H8CW95rtP2u1/JdnbSmxnocsvy4UAMEBfFr52LueeJV5EQgRuZ+C7ChtgSizGnXOhyUQLkrO5XkjUQnLKZcW8kTAHCVxY7bp94HiZq7C+1LlqVCEQgAhHYOgLrJ0C2DnEd2gECEisIqic8uBoK0hcbw6VwMYAX9E2MXCSOq7lfnaYdBJQsbb7ii6GS3U38kL8/WEqILfFAzpO5TfzWae5/1nMvQoCw8C44ir06rq1iPAg0MVhipvwGCMHFuxdDIoEDy5SYrcNc7wgeQeasZGKuZLez7zChclx7Oh6BCEQgAhFYOwIGEGvXqBoUgQ0gICOSwbaA7UUgOb9+86lIUMCtRkICmeAuqzsGuZ7NSqE+tpzgBAkNBFEvkjxILS25gUsldOC2RYhhQrSw+ji2inIRAoS7k8QXLBhHvUvvnUhg1RA/w0VNkgtuqISa1NyEDLHhNyPd+GE8xMQRJaxP1kutexil9kUgAhGIwMYTSIBs/CusAxdMQHyEAaWv2wbbMkcZWLKAsISYU0X2MhnBLrhp13ucTHCL7Fencb+63k2O2RATIeOdDHPmMDGfiC//LsPCvDgyqnFBkg3OnDOOLatIY+xe5o8x2Le+7MLy4J4sF2pFHIeMeoQYwcClyiSg5rYhTMV6CDSXbINQ44rlOokAWIqs7y/EidgOVg/ubuI7CB/7ZCfbf27r20ugnkUgAhHYGQIJkJ151XX0HAQMEH3dN8mbVNMmjjQBo/loxHxICW3wafK/czxmqZdKI+2GBr3qVReDZ8JMams8pKd+7DyUEOOCJAkFISSORBrqu82x8y7uLQ6FBYLb03nvd/B6rlLmabHfBKlSZkthzYLBEkRkEAzEDxEqZkO/iFRzIUk6IP3ywhJFkLnX/kKkSFZQat39VFqPQAQicKEEethFE0iAXDTxnrdJBGQ+EkTsS7v4BoHkxIi5VN5/OmKgLTsRP/3ZXKtlMehdpvvVSTtozhgDahMfckWTBUz8hAn8zNtjfhxuW1y1BLff86Q3PuQ8bl52S1NLCFg/T/F+xbpwlZKlTApc9yM+uNRJG07wEBey+nG3k07ZeTKFERPOXxQCxvl+M09b7Jza+dosw5VMV6XWHSgtEYhABCKwGwQSILvxnk/Uy066loABqHk6uFkJIjZhHzebR80ZXK64x7AsmExudq3dchHuVyfttGB8MREyZckSxjJjXhQiRbD6x86NzBXENemRs0603HTqky7uRcgQg+YZOul1i/O4U3EXI4q4UxFJ4j24193iykmsGywffgvmLOJSxXLhedztCJVFkPmVS66tuJ7Z+Dr/u1IIDsKDePW74mrlN8X16sopVRGIQAQiEIHtJZAA2d53W89OR8BXahmduNYYgPqy/UpzC4HOZjB/rVn/kClPn7Lui0G+NhJJ6nUpBvIsMg+cBhEMLEqPmHUWJml87f+R2X7hFBYTViZuULN55PKSOSIOZao9A/rjrCDuJ66DuxirgxgLAfPcwrhTaQfXLvcjKsR5yGxFNLCAiAV5voMnLH5XTiVurpZa17OcV4lABCIQgQhsPYEEyNa/4jp4DAFfufnrExoGx4KLDQZNumeyPZNpftncwxf6qTZiYVXQUIHx6nUtUhM/eBp32ymsEF8+taxi3JPuO+vfM0VWqR+bmkuU2IpZvcFylBVkvzsVdyluU+4ny5Q4nrvMnczNYb/jRCeXKZNGzqE91gsph88zaeoida7+iJMptS6ylQisFYEaE4EIXDSBBMhFE+9560LAF20D3OdMg3xBZ+HwNdwXeQNicQkGvi+d45u0GFDLxKTdv7FBDRfA/6nT3jedwoXs86cWNzHVngn7uEQRiT83O8R9yHwly5f3yG3rV2e/RUzJz8+KYHcucqxZrn3A7CMmWWGeMussICxe+92p3IMIIlyIUeJjTj3Xsph0kqtWqXXPhbKLIxCBCERgWwhcK0C2pUP1IwJXIcDfn9++tLAGt1x8fG03WPXl2wDRF/lN9sXnNgaBrE3qTSxiOrg6EYZcoKT2JRT15e3nf7JJmW/FvBze4w/OPhaGqfb032SJgt25YxEcEgiwZrztnMCdiuVDymCWkIU7Fdesn5rjxJv0wvef9fMsRIzYjsU8KGJexHnYR+ie595dG4EIRCACEdhoAgmQjX59Nf6EBAQ/G8z+/ZwvkFxa2FndM8g1YZyg86+fHY5PdeHLMh9oAO5+69gXweUC+rm5ydJFBAjs/v5pMAvIs6cWlE0UcMUiHMRmsEaxUM3hIxfB4+YccYLr7zgrspixCIntcB+xHoe5UxGmUiyLSyF+nH/YeXPLqy5EB1cyFpcXz5kygRFBs7rHLU7MifVKBCIQgQhEYKcJJEB2+vVvfee56cjAZGI4cR4Gg9xyvnR6zn1HRqOfnfVtWi5LgEi3+5YDUtyMdLTm/SD2ZLiS8UkMDVHEuiTQX4A8dydpjgXNv81ce5spxMALpmbhECPybbNurhWxE1yxiEeCUkA3tyquUqw9ZivnOjen77FmsJK4p3du39XKd89BbRd8/s6zTsBMdeLFBIt+U6w0RI54FcHnLB3a50bmA1FX1o5ADYpABCIQgYsmkAC5aOI9b9UEfIWWXYmwMIg1QZ2v4AKAP2IebuD66VP70j3V1i1cjHTKZHnq8xZZocxzwQrBfY0rE2vRj86NxVIYdAvaV9u233HnOd91rncfkwYK+DZIl+XK3BqCwU3iePe53+tNEQBOQLzJrHuPHzq17FbSIsskZTJDE0DqH+FAvJgUUmYrgeTEyFyyx7LFgiIInEVCvAeLiGP7Cxev954d+sCNS0rd2Tx2IZY+e87ivqdN4le48GmX2CJWFKLDxJVz2p51dSUCEYhABBYEqneWQAJkZ1/91nWc7z6BYQDJneYdrvRQ0LLB4O1n20D0LK41c+nGLCe1gLA0GESzEhjEs0SwSLBMsFCwVLBYsFywYLBksGiwbLBwsHSwGrB8gGPOFLETj50NrkcsTiYgvNdsc4cyANc282eIxTAvyKfMMZYK2bpMTGiwftb3I30vwcMSsrBgqIkZFgmWCGKEOGA5YUV5t3m+/ky1RzBJOmD9qOIaAfCEFncxlhmxJtyt9JuAEdQufoT4EX/CNcz9tEtdiUAEIhCBCOw8gQTI5f8EasFyCBgof9PcyoCQm5XUrL68v+PsMxicaicWg3wd5Xp0n1khymSUMskfDmIrDMzFWhhEi70QgyEWQ0yG2AwxGmI1xGyYk0MmKYHg3NkeOvf8mCkyT915arEZrE5q2/Y77jznu8717jOnr3wxLwirhgcZ9P/SrMiK9YdT64/EAywlxIgYIG3n6nVUxqubz3WsMIQsKw/BRHjJMua+jhEd+o0jN6655NrF79IGAaauRCACEYhABHaeQAJk538CWwOA686iM1yuTBpo4Mu15qSF+47BuYGmr/GCmk08+NS5sWxLLAPmB+EKZPD6mNn/XVMM7n31/5pZN2eIr+qfM+tcvVgWDMh9hecOZoAv9kQ8A+uAjE13m3PfYopZ1gkorkhmCTew5V5k4DyH97iPOS4TlK/sJkg0w7YsUNonKxTrj3Pd88dnhSjTFpP83Xu2PcPcJywN+sjywAJhYM0iwTLBQsFSQcwYOLNgaCuLBsuGvvriz+LB8jG3XauFwCAE/P0mKBwvKXilxOWK5/1q8L/d21Pt4cLC80mzJW6INY1bGHcy84ZIoese7qfP3inBxcomRsXvZi49dEmAHIqlnRGIQAQisMsE/IO6y/2v79tDwBfp8/ZGjIDBObeiW8/NpFA1+DYvhfkmWAZYVLh0vcccN0glBAzupVf9uNlnEM+dh9XBV3WWBXOLcP9iEeDiRDBw95H21Vd0IsDAlnVCTIGv9WJUxDqwHHCFIqIMoB33NZ7wedg8T9pggkb7BNYv/kxz/SGUxE6IofClXkyF2ApuSQQboSP2Qj/EYojJEJshRkOshpiNecTGLSxgxJM5RbhMERKEgPdLwBEPOoWp/dbFqui/uCHB48QlN7NFmmYiDi9WHkLzz110grK4PyF3gtM7JQI7RKCuRiACO0tgMVjZWQB1fGsIcDniTnPWYsAqUPpWQ0Q6Vl/MxY0YsHO5ESvBWiFLktgBQc2sBeIOPnyuMY+IQfxDZt2AnwuSmAoT433j7POlXNA0Nx3xCiwVAuUN9qVnFcgs1uJZc64J91gWZIMiOmbXNQv3Il/wiRb3knlJeldtees543WnaMdUe57DyiJ7lFgFz+dqZIDtvs7Z5kJcEHT4E4uEpWxVT7vSacf9Vg4TBn5LV07bYwUjFk1SyGK02H/SmhB0LncwdSUCEYhABCJw6QQuuwEJkMt+Az1/XQj42v9X0xguNyaNEx9hsG/AbuJCA1AuWFx1uDaZxI61gLsPFx2Zn7gxsUoY8HNVkhnJF3hB2ywQgp8FKsvYJD5DpibuTsSD9LLcf6SSFRzuKz1LhRgEA2VFaleiiOuPe3Hxevi0WVuIGOmGuQ/Nrj1WE3XlXwkQHCxArCLWiRLMuV15nwLGFe/S+xP7VOLbAAAM2ElEQVS0LqOV98HVjdWJOMSbsBPE/693vvr/s4BcnU9HIxCBCERgBwkkQHbwpdflBYGtrFlydCwBgsJ1hdVKbI49XOTEsLA6cZFzTNyQwprFgiUzmJgbx2T/EhskLoaFiUWEQGVV4r7Gcua+h5WFAJGi97Dj7YtABCIQgQjsHIEEyM698jq85QSWPQ/INuC6w3RCTAcrEsuG2JzZdaKFdURCAwkBBKKzgAj2Fydkv/tyzVLbljxg/40FwxOD3LrEj+w/ttvr9T4CEYhABHaWQAJkZ199Hd9SAllArv9iubEJ9ueaJtBf0oDrn3HyrSfMqWJuJCggJggZbnrc5FhCWETE77CQsJRIYjCX7LGoqLnhqSsRiEAELpVAD4/AZRNIgFz2G+j5EVgugQTIdTzFaQj2l1RAVjHZy6Qfvu6Ms68RM+YbEZOjWLePpUOMCEuJAHaxIwSKLG2SFsg+dvandmUEIhCBCERgCwjssADZgrdXFyJwQwIJkOuYyBQmgxk3KNnLxHFcd3R5a6wgrCGsIsQOKwlriSdw2/rsWfF3rXfDVcscLbOrJQIRiEAEIrCbBPyjuJs9r9cR2E4CBrl6Ju5AvZ5l9a1ikXjveYyMVzKPPXPWL2KRQY31g/AQnC4uRBzJ4tnmFjHvi+xq5h0x/8jiWHUEIhCBCERgJwgkQHbiNdfJHSKQANnbk7lqf8YrMRmX8ROQ1lkGLe3hDmaCQ+3gBiblshTA0jrbfzB43XmVCKyEQDeNQAQicNkEEiCX/QZ6fgSWS2DXBch5Ml4t901c/24vnk1zxUy1J/WvOUnMOWLuEZnLnjQHbjelJQIRiEAEtpdAPbtCIAFyBURVBLaEgMGsrphET71LZZkZr1bB7Zuv3PQDp2b5MOfILWbdRJcsICaTNCnl7GqJQAQiEIEIbC+BBMj2vtv17VktWyWBXbWAcHFaVcarZb0vKXp/eW5mDpF7T2356/nf3af85BTZsgSvL47NrpYIRCACEYjA9hFIgGzfO61Hu01gVwXIRWW8Ou+v69uv3EBw+pXVvX+clftMcYyQetys7z8+m8tbulMEIhCBCETgsgkkQC77DfT8CCyXgK/o7iiwWb0L5bIyXp2FrTS8MpSZK4T71eIe5gl54Gx8wRR/L5vU8PNmvSUCEdgeAvUkAhG4QsA/dFdWqyIQgS0g8JIrfXidK/W2VzJMrUPGq5NyZu149Jz88lMeMOXg8rmzgxAhSKwTIv09PVBaIhCBCERgewhc/D9s28OunkRgHQn84pVGvcWVepurdc14dRzzR1454aFTf/CUgwtXLC5Z0vVyxeKSxTXr4HltRyACEYhABDaSQAJkI19bjY7AkQRkVHLwzf3vYNmi7XXPeHU11E+eg7KU3XhqYuPpUx8UIoLS3272C1IXlC44feFeN7tbIhCBCEQgAptLIAGyue+ulkfgMAJPvbJzmwUIa8C6Z7y68hqOrG42R1g3njH1HaccJkTMDXLXOfb8KdLz/snULZtLoJZHIAIRiMAVAgmQKyCqIrAlBBYC5M5b0p/DurEpGa8Oa/v+fY+ajTtNuZoQeeEcF7Q+1d6N/K8SgQhEIAKnJdD560YgAbJub6T2ROB8BJ49l3Pb4a5zm1nftmWTMl6dlP1RQuRlc4PnTrn1lN+f8gZTWiIQgQhEIAIbTyABsvGv8OQd6MydIbCtcSCblvHqtD+4/ULkRfsuljnrHrP9Z1NaIhCBCEQgAhtPIAGy8a+wDkTgBgS2UYBsasarxcs5TU2I3HQueLkr5SZTJz4GQksEIhCBCGwHgQTIdrzHehGB/QQWcSDbEoi+yRmv9r+X1iMQgUsh0EMjEIF1I5AAWbc3UnsicH4CCwGyDYHo25Dx6vxvtDtEIAIRiEAENpHAEW1OgBwBpt0R2GAC2xSIvi0Zrzb451TTIxCBCEQgAsslkABZLs/uFoHDCFzGvm2IA9nGjFeX8VvomRGIQAQiEIG1IpAAWavXUWMisDQCmy5Atj3j1dJedDc6jkDHIxCBCERg3QgkQNbtjdSeCCyHwCIOZBMD0Xcp49Vy3nZ3iUAEIrCOBGpTBI4gkAA5Aky7I7DhBBYCZNMC0V9juGu71LO/NuvvM6UlAhGIQAQiEIEtIpAAWf3L7AkRuAwCmxiIfrsB9ZQpN57yT1O4YU3VEoEIRCACEYjANhFIgGzT26wvEbg+gU2KA2Gp+ZVp/mtPIUJefernTznn0uURiEAEIhCBCKwbgQTIur2R2hOB5RHYFAFyz+nyL0x51Sk/PeVtp/zVlJYIRGCTCdT2CEQgAkcQSIAcAabdEdgCAmIpdGOdA9HvOw18/BQxH4+Z+l2nvGhKSwQiEIEIRCACZySw7pclQNb9DdW+CJydwEKAcG86+11Wd+WD5tbfN+VGUx4x5X5T/mVKSwQiEIEIRCACW0wgAbLFL7eu7TyBdQ5E/6J5Ow+f8nJTHjLlwVNeNqUlAhGIQAQiEIEtJ5AA2fIXXPd2nsC6xYH4O+c75q185pSXTvmgKQ+b0rJtBOpPBCIQgQhE4AgCBgNHHGp3BCKwBQTWSYC84vB87JQPnCLN7rtP/Z1TWiIQgQhEYIkEulUE1p1AAmTd31Dti8D5CCziQC47EP1m042fm3KfKX875R2mPG5KSwQiEIEIRCACO0ZgiwXIjr3JuhuBwwksBMhlBqK/2jTtV6fcbcrzpqhtz2pLBCIQgQhEIAK7RiABsmtvvP7uGoHLCUS/jvKtZ/XJU+405Y+n3GXK06e0RCACEYhABCKwowQSIDv64uv2ThG4rDgQooP4IEKIDuKDCNkp+HU2AhdNoOdFIAIRWHcCCZB1f0O1LwLnJ3AZAmThZnXQ/er8vekOEYhABCIQgfUkUKtOSCABckJQnRaBDSawiAO5qEB0geYCzgWeCzQXcC7wfIMR1vQIRCACEYhABJZFIAGyLJLd5zoCra0bgYUF5B7TsBtNWeUixa5Uu1LuSrEr1a6Uu6t8ZveOQAQiEIEIRGCDCCRANuhl1dQInJHAH811fzflFaaYAHCqlSxmNDfJoL9XHjpPMMmgyQZnteWiCPScCEQgAhGIwLoTMFBY9zbWvghE4PwE7j63+JcpnzXlDlOWubzc3OzhU754ysumPHiK50zVEoEIRGBnCNTRCETghAQSICcE1WkR2HACT5v2s0pwwfreWVdPde7Ffb5v7vKgKf885b2mPGJKSwQiEIEIRCACETiUwPIFyKGPaWcEIrAGBL5o2vDMKW86ZRmuWDeZ+zx+yn2n/P2Ue0354SktEYhABCIQgQhE4EgCCZAj0XQgAptH4JgWc8F6/zlHzUXqPK5YrzL3+YUp95zyl1O4eD1h6pYIRCACEYhABCJwVQIJkKvi6WAEto7AflesJ07vziJCPniue+6UO0/50ynm/PiNqVsisMsE6nsEIhCBCJyQQALkhKA6LQJbREAsyAumPzef8vQpXz3llacctxAezv/2OZH7lfS6bzXrvzelJQIRiEAEInBJBHrsphFIgGzaG6u9ETg/AcHit5zb3H/K86Z8/JTfncI9a6prF9aRj5wtQeYvnprwuOPUz5jyIVNuPOU5U1oiEIEIRCACEYjAiQkkQE6Mav1PrIUROCWB75nzbzvla6bcaoptaXQX5bdn3zdOeb8pLz+FcCE87jTrj5rSEoEIRCACEYhABE5NIAFyamRdEIGtIvA305tPmEJUmKxwVq9dWD0ePVsfNeWNppjIMOExIA5Z2hWBCEQgAhGIwAkJJEBOCKrTIrDlBKTnvdn00aSCi/KKs32/Kd80xfGpWiIQgQisG4HaE4EIbBqBBMimvbHaG4EIRCACEYhABCIQgXUgcMY2JEDOCK7LIhCBCEQgAhGIQAQiEIHTE0iAnJ5ZV0TgIIG2IxCBCEQgAhGIQAROSCABckJQnRaBCEQgAutIoDZFIAIRiMCmEUiAbNobq70RiEAEIhCBCERgHQjUhgickUAC5IzguiwCEYhABCIQgQhEIAIROD2BBMjpmR28ou0IRCACEYhABCIQgQhE4IQEEiAnBNVpEYjAOhKoTRGIQAQiEIEIbBqBBMimvbHaG4EIRCACEVgHArUhAhGIwBkJJEDOCK7LIhCBCEQgAhGIQAQicBkENv2ZCZBNf4O1PwIRiEAEIhCBCEQgAhtEIAGyQS+rph4k0HYEIhCBCEQgAhGIwKYRSIBs2hurvRGIQATWgUBtiEAEIhCBCJyRQALkjOC6LAIRiEAEIhCBCFwGgZ4ZgU0nkADZ9DdY+yMQgQhEIAIRiEAEIrBBBDZYgGwQ5ZoagQhEIAIRiEAEIhCBCFxDIAFyDYb+F4EInIpAJ0cgAhGIQAQiEIEzEkiAnBFcl0UgAhGIQAQug0DPjEAEIrDpBP4/AAAA///83iPFAAAABklEQVQDADd2/Rg5nLgyAAAAAElFTkSuQmCC', '2025-10-21', '2025-10-20 17:35:27', '2025-10-20 17:35:27'),
(2, 3, 'data:image/png;base64,iVBORw0KGgoAAAANSUhEUgAAAyAAAADICAYAAAAQj4UaAAAQAElEQVR4AezdCZQtW1kf8EYEZMaBKSCoYERANBFYMgRZERGjoqAoiAiupYFEQjAKMgYVJBpEJWiCCSsCShRRiUQMgy4HxojLQBgNg4BPCYgBHgI+DLz8/+/Vefbr2923T3ef0zX83tpf76o6dar2/tVb9/Z3d+2qT9vxHwECBAgQIECAAAECBLYkIAHZErTTEDhXwBYCBAgQIECAwPIEJCDLu+Z6TIAAAQIECBAgQODMBCQgZ0bvxAQIECBAgACB5QnoMQEJiP8HCBAgQIAAAQIECBDYmoAEZGvUe09knQABAgQIECBAgMDyBCQgy7vmekyAAAECBAgQIEDgzAQkIGdG78QECBAgQGB5AnpMgAABCYj/BwgQIECAAAECBAjMX2A0PZSAjOZSaAgBAgQIECBAgACB+QtIQOZ/jfVwr4B1AgQIECBAgACBMxOQgJwZvRMTIEBgeQJ6TIAAAQIEJCD+HyBAgAABAgQIzF9ADwmMRkACMppLoSEECBAgQIAAAQIE5i+wvARk/tdUDwkQIECAAAECBAiMVkACMtpLo2EE5iegRwQIECBAgAABCYj/BwgQIECAwPwF9JAAAQKjEZCAjOZSaAgBAgQIECBAgMD8BPRor4AEZK+IdQIECJxc4Io5xN0Tz0r8v8TFiQ8mPj2hECBAgACBRQtIQBZ9+bfbeWcjsBCBJhl/lb6+JPHARJORVDvX2dnZ+bGEQoAAAQIEFi0gAVn05dd5AgQ2IPDYHPPaiU8mnpnoSMhNU38o8f2JeyS2XZyPAAECBAiMRkACMppLoSEECMxA4MvSh8cletvVbVJ/T+Jlifck7pdo+aX8uFFCIUBgEQI6SYDAXgEJyF4R6wQIEDieQG+9+oN8tfWTUr85sbu8OCtPTfRWrLekvkFCIUCAAAECixPYWgKyOFkdJkBgaQIPSoevmfjrxI8m9iuPzsYPJ7rfy1PfMKEQIECAAIFFCUhAFnW5dXahArq9eYGOejx+OM33pe4tWKnOKX+bLV+ceHvi5ok/SSgECBAgQGBRAhKQRV1unSVAYEMC35Xj3iTRuR599G4WDyzvzSd3SXwq0ZGQq6VWZiugYwQIECCwV0ACslfEOgECBNYXeNrwlSemPmj0Ix9dVpqEdB5INzRxaS0IECBA4DQFHGu0AhKQ0V4aDSNAYCICN0s7r5po4vHs1Ectfzbs+LlDvaTqGunsYxIXJT6QuGVCIUCAAIGFCEhA5n+h9ZAAgc0K3HE4/G+l7hyPVEcqFwx73Xiol1J1vsz70tlO1L9y6s9OvCHxU4lrJRQCBAgQmLmABGTmF1j3CBDYuMAdhjO8Zqh3VYcuLjUBeWxUOu+lI0Zd7rtS3p9tD0+8NXH/hEKAAAECMxaQgMz44uoaAQJbEVglIK9e82xLvAVr94savzReT048M/FFiZ9OXD/xi4m/THSkJJVC4JgCvkaAwGgFJCCjvTQaRoDABAQ+I228TaJPtDICEohDShOK5+bz1ntf1HhhtvfxxV+S+qOJz0l0dCSVQoAAAQJTEzhfeyUg5xPyOQECBA4W6OhH/xx9fXb5m8Q6ZWkjII8LTiebvy5153+kOqe8OVvunOjtWav9s6oQIECAwJwE+hfnnPqjLwRGJKApCxD4iqGP695+1a+9uz8SfTFhqlmX3nrVEY0mFp3j0fqgDq8SlI6UrEZMDtrXdgIECBCYoIAEZIIXTZMJEBiNQEdA2pjjJCC36BcT6zw5K7tPsvxeWt2EYu+tV9m8b1ntt0pc9t3p0I0+JECAAIHRCkhARntpNIwAgQkInCQB+dahf518PSzOsupjiq+dnnWex0G3XuXjy5WOkKxGStyKdTkaKwTGL6CFBM4nIAE5n5DPCRAgsL/AzbO5k6X7Ir13ZHmd0tGAhw5feN5Qz7V68NCxJhJNLIbV81a7b8V6bfa+bkIhQIAAgRkISEA2dhEdmACBmQusRj9edYx+diTg6vnehxP9RTvVLEtHPr4tPbso8ZzEuqWP6f1YvtT3hrwo9VUSCgECBAhMXEACMvELqPkECOwjsJ1NqwRk3cfvflWa98jERxKd45BqtuWB6VmThl9O3WQr1VrlE9n7domPJ1r/QmqFAAECBCYuIAGZ+AXUfAIEzkxglYCsMwH9BmltfxlPtdNfzt/VhRlHRzDavWf0xzGjj+a9b757ceI+iUcnlBELaBoBAgTOJyABOZ+QzwkQIHCuwHFeQHiFHOb5ic4b+U+pX5AYa7lSGtYRi/7S36d0PSbr10isU/qUr95m1vejrDtKtPc8L8yGziFJtdPb1+7ZBUGAAAEClxOYzIoEZDKXSkMJEBiRQEc/+ufnOi8gfFTa35fsvS31wxJjLg9P466VaOmE+f7S/5dZ6QhOqiOVuw57/cZQn7TqaEoTuCZyHUXqSw1PekzfJ0CAAIEzEOhfoGdwWqcksEEBhyaweYF1X0B4+zTpRxIdDbjXUKcaZblhWvVDiZavzo+OPPTpVR31eXnW+3mq85ZVAtJ3gJx35yPu8IDs9z8SV038YUIhQIAAgQkKSEAmeNE0mQCBMxfoCEgbcZT5H9fMjr+W6EhCRxbelOUxl59K4/rUqY4y/HaWO/pxk9RvT/TRw3+SurdopTq37Npy92H5NBOQPk3rG3Lc3hbW27tum2WFAAECBCYmIAGZ2AXTXAIERiGwTgLy7LT4xonO+fi51GMud0rj+tjcPvr2X2V5Vd6bhbskmgA0ofrnWT6sdP7HZ2aHDybemjjN0lvBmhT1mN/RH4IAgUsE/CAwGQEJyGQulYYSIDASgY4CdCL5UV5A+JC0ubdcXZC6T71KNeryW0PrnpC6SUeqy0rXv2VY6+1kTTCG1XOq1e1XLz3nk9PZsHoc7/1yuCsmFAIECBCYkMD8EpAJ4WsqAQKTFFiNfpzvBYS3Su96O1PnT3xzlvvej1SjLXdMyzrxvPNUnpbl/cpvZuPvJ7rfE1MfVFYJyGnefrX7XO/MSueCXC/13RIKAQIECExIQAIyoYulqQTGLrCQ9q0SkMMeLdsJ273lqvXj4zKFCdMPTjtb+pLEzrHo8n7R268+mQ86unPQk6g2Mf8jp7xcee6w5jasAUJFgACBqQhIQKZypbSTAIGxCKwSkMMmoD89jf3CxO8kfjwx9nLtNLBzPzrH4zlZPqz0xYCdy9Jbn/79Pjtucv7H7tP9YlaaCPW2sCZ6WV100XkCBAhMRkACMplLpaEECIxAoL/o3ibt+FTioBGQzvn47nzeOSL3Td2X+aUaden8lKukhX3yVV9AmMVDSx/Ne2H2+MrE1yV2l9XtV5ua/7E6Vye49xy9JvdebVQTIEBg+wLOuK6ABGRdMfsTILBkgY5+9M/Ng15A+HnB6VOvmnQ0+WgSkk2jLw8dWtiRjWHx0Kq//Heiendq0tJHDHe5sUpANjX/o+dYxeo2rPuvNqgJECBAYPwC/Yt0/K3UwkkIaCSBBQgc9gLC66f/b0j0MbVPSd3br1KNvnTyeW8Xe1taethtZfn4cuVns/aJxDUSD0qsSkeAuryNBKTvV+mk+a/JCQ97Klc+VggQIEBgLAISkLFcCe0gQGAKAh0BaTv3/qLet4O/Mh/0l/HewvTYLG+znORcq8nnnbeyznE6UX01ctKJ9h0FuVEOcOVEn/x12u//yGHPKU0+moR0PopRkHN4bCBAgMA4BSQg47wuWkWAwDgF+i/tbdnuR/B25OMV2XizRB8P+0Wp+wt4qtGXdSaf79eZn8/G9yRukugoyK1Tt7y2P7YUnYzeU0lAqiDOQMApCRBYV0ACsq6Y/QkQWKrAVdPx1b/uN9HI6k6TjyYjX5CVbuvtTO/L8lTKd6ah60w+z+6XK020njRs6SjIlwzLfVLWsLjx6mU5w/sTvT2u1yGLCgECBAiMWeDUEpAxd1LbCBAgcAoCNx+O8cahnnry0W78i/5IHHXyeXY9p+weBfnG4dM3DfU2qj6K93nDibwTZIBQESBAYMwCEpAxXx1tI3A0AXttR6C3GfVMveVoDslHR2uOM/m8Brtj9yjI7YYPtpmA9JSr27D6EsWuCwIECBAYsYAEZMQXR9MIEBiVwE2H1nwo9dsTvd2nT466c5andNtVmntJOe7k80u+vOfHahSkt3P1o23egtXz9U3zH8/C1RN9T0uqbRXnIUCAAIF1BSQg64rZnwCBpQqsEpD7BaBPu+ovvH0R33uzPrVy0snne/vbUZAn7tp4wa7lbS0+czjR6jawYVVFgMBsBXRssgISkMleOg0nMFuBK6Rn/YW29/bfIMtjKNdLIx6QaOmfmz+Uhb7vY4rJR5q+c9LJ5z3G3ugLGFfb+kLG1fK26t8YTiQBGSBUBAgQGKtA/yIda9u062gC9iIwR4EmIf3z6R3p3FknIfdIG3pLUd/1kcWd786PH040QUo1yfJvhlY/Y6hPo+p7QVbHue1qYYt1X3x4Yc735Ym/l1AIECBAYKQC/Qt+pE3TLAIEFipwcfr9uYmLEldLvDyx+uU/i1srPfd/zNn+e+KzEx9LtHS99c7OziSrTjzvXIn6vmZDPWgSsKFDH3jYJoQvGj79pqFWESBAgMAIBSQgI7womkSAwM5fxODzE53s3cfftu6Tp7JpK6VPc3pDzvQ9ib5j4utT9z0gvTWs61mdbOmk+TZ+k4nU7XOCxyY+lajZtkaxVrdh3TPnVeYuoH8ECExWQAIy2Uun4QRmL9D5FZ3k3X+p72jEK9PjTY+EXDHn6PyO1csFX5z1WybekuhtYX+auiM0qSZb7jS0vJ7D4qlX/zhH7AsKa1bTbd1K16SqIyF3y/n7/0wqhQABAgROW+Ckx5OAnFTQ9wkQ2KRAR0L69Kl35iQ3S7wicdojIf0F+e457rMSfbLVE1J3PkMfU/u1Wf6rRNuQaufd/THx2EYCUqImAj+ehVUC2SQkqxstnQPyOzlDr2lHrbKoECBAgMDYBCQgY7si2jMhAU3dkkDfsdHbhnobVt+90aSkv2Q+Jee/T6K3aKVaq/QX1CYdP5dvfSDxksQDE1dKfDRx60Tnf6S6pMwlAelcllukR70t6rWpN1kekoM/KtFb6VLtbGtE4oU9WcLTsIKgECBAYIwCEpAxXhVtIkBgr0Bvx7pLNnYieP/c6i0+P5D1X0n0ZYC9LWqd6C/gTTr+ab5/ncQHE004viZ135HREZcsXlZ2vwX9so0TXOjbz9vsV+dHDVJtpHT0Y/VY3l670z/JwUd8wfBRR0CaaA6rKgIECBAYi0D/Ih9LW7SDAAEChwn0F9k+valPcfrW7NgRkN9N3V92U61d+gt4X17XkZDr5tu95eqlqfc73lxGQLZ1+9Vz4tjb2FJdUmrdhW08HrcjZH+ck10r0TlEqRQCBE5TwLEInFRAAnJSQd8nQGDbAr0V6/k56SMTHQn59NSd7Lxu9HarPuXqZfn+fklHNl9WJCCXURxpoQlir8tq5z8aFnpr27C40Wr1E8D/TAAAEABJREFUNCy3YW2U2cEJECBwPAEJyPHcdnZ2fJEAgQUJzCEBaULwFcM1+/2hPs2qt7KtjteRqgetVlL3RY6pdm7VH1uIVQLSBHMLp3MKAgQIEFhHQAKyjpZ9CRAYh8B2W9GRlc/LKTvH5M9ST7X03SZNQvpI4Y9soBNftueYnaOz2vSmYaGPNB4WN1q9PkfvO0j67pYrZ1khQIAAgREJSEBGdDE0hQCBUQr0sb/9xb1zC1ZzGUbZ0PM0qk8S6y6bev/H7gTkXTnR/02syioB2dYISM/75/2RuF5COUUBhyJAgMBJBSQgJxX0fQIE5i4wh9uveo02PQF9dwLyiJxw9cStLO6sEpCOwnR9G9HHK/c8n9MfggABAjMQmE0XJCCzuZQ6QoDAhgTmkoD8k8Hn5UN92tXuBOTL9xz8gmG9I0nD4sarvkCyJ+m7T1oLAgQIEBiJgARkJBdCM9YQsCuB7QrM5R0gfepX5d7RH6ccPfbu+R17E5BTPt2RDmcE5EhMdiJAgMD2BSQg2zd3RgIEpiUwlxGQU1E/4CCd29EkZDXScdfst3u0o5PBs2lnm3NoJCAVFwQIEBihgARkhBdFkwgQGJWABOT8l2N1+1Xf93FRdm8y8i2pV+XvDwtvGOptVG7B2oayc2xTwLkIzEZAAjKbS6kjBAhsSGAut2BtiOeSw64SkNdl7cmJlof1xxB9jHEX+3Ss1tsIIyDbUHYOAgQIHENgegnIMTrpKwQIEDiBwK2H725i7sRw6MlXuxOQn0lveqvVHVKvtktAgqEQIECAwKUCEpBLHfwkQOAIAgvdpS8ibNf7YrvW4vICnevRZKNb/2d+9P0fv5S65fv6IyEBCYJCgAABApcKSEAudfCTAAECBwm8d/jA41wHiD3VU7Pet41fmPo9iZaf7I/Etyc+K3EWCcjc5oCEUSFAgMA8BCQg87iOekGAwOYE+i/6PXp/kW4t/k6gE8071+N92bSaaJ7Fnc4Fec3Ozk5HR7439VkkIOaABF4hQOA0BBzjtAU+7bQP6HgECBCYmYAEZP8L+sXZ/OxEb027V+omIakuK08flh6XejWP5m1Z3lZZJSA33tYJnYcAAQIEjiYgATmak712dnYgEFiogFt5zr3w18imFyaulvjBxKsTe8uvZsMnEr09qyMhH8vyxxPbKtceTnTxUKsIECBAYCQCEpCRXAjNIEBgtAJjGAEZG85/SYNunvhviZ9I7FeafNwsH/SJWKl2/jo/bpDYVlndErbNd49sq2/OQ4AAgUkLSEAmffk0ngCBLQhIQC6P/IisfkPi7YlOMk91YPnafNLRjyYh18vyyxPbSkKaIOV0O9u87avnE7MT0CECBE5bQAJy2qKOR4DA3ATmcgvWRcOFWb2bY1hdq7pr9v6xRG+numfqjmqk2rc08fh3wyePSt2EpUnBW7Pcz1JttHzhcPSed1hUESBAgMAYBI6cgIyhsdpAgACBMxCYywjITw923zbU61bXzxc6r6N/bzwwy29JHFaelQ8/I/E3iSYid0ndOSCdm9EkJqsbLU12egIjIFUQBAgQGJFA/yIZUXM0hQCBfQRsOluBuSQgvzIwPjz1urdBfUG+04Sj70J5WpabiKQ6sPTJV/fPpx0huV3qv030fSodlfhQlr8/cY/EJkvP1eMbAamCIECAwIgEJCAjuhiaQoDAKAXmkoD0LeUfiXBHJToX44ZZPkp5QHZ6feIzE3207Q+kPqz03SBPHHb4rtRvTKzKn2fhfomWvi39Rl3YUNxqOO7/HupjVr5GgAABAqctIAE5bVHHI0BgbgJzmQPSx9H2yVAdEejtSX+QC3XYSMi18nkftfuc1H3c7pNTN2nphPIs7lv6vo+fHz55fOr9RkpenO0/mbhO4gWJTcwHueNw3D6Ja+/7SfKRQoDAJAQ0crYCEpDZXlodI0DglATmMgJSjv+TH/8osUpCOhKyXxLSX+DfnP36tKuOWvQ7j836YcnH5+fzVyX6jpDnpn5S4qDSd4e8Nh/29qxNzAd5cI7dcr7Rmu4jCBAgQGDLAhKQLYMf43S+QoDA2QqsEpD+6//ZtuR0zt4kpBPCV0lIJ2k3eejROxrxo1loYtLbo349y7dMNLFIdWC5dz55XeKaic77eFDqw0oTmXtlh03MB+kk906071O/OnqT0ygECBAgMCYBCciYroa2ECAwMoFLmtMnN/VWnitm7RaJOZROCP/KdKRPqOqIReeHPCTrf5h4TKKP2e38jW/O8oWJg8qV88HTE7+W6C1bXe5E9SYY2XRo6cjKJuaD9AldV8mZfznx4YRCgAABAiMTkICM7IJoDgECoxT4r0Or+h6MYXHy1V+kBx0t+Jmh/g+p/0GiIxlfmrqP0U11TumISJOVvg29yclDs0dHPToK8rAsN1lLdaTS+SBPzZ6dD9KnbO13O1g+PnK5afbsXJVUO8/oDzFhAU0nQGC2AhKQ2V5aHSNA4BQFfm841pwSkHapT8TqL+1dXkVfVPiOrHTS+n7xpnzWZKWjFx1paMJxm2zrhPJUa5dH5xsdqejtW73167i3un1VjvPHiasnemvXa1IrBAgQIHAMgU1/RQKyaWHHJ0BgDgK/O3Tim1J3nkSqyZe9E837+NzeenW+jjXh6CN0/1l27KNum4T8aZaPW/qOkN7atpqTcr6nc+13nr5X5CX54LMSz0ucdCQlh1AIECBAYFMCEpBNyTruDAR0gcBlAm/NUueC9Jft802wzq6jLk2g9pto3nkcHT24Qlp/WNTg27NPb3Hqk7KyeOLSifF90tYqCelIyFGSiKvmzJ3r8ROpW5qI3DcLnYCeSiFAgACBMQpIQMZ4VbSJAIExCvzLoVGdaH2UX46H3UdV9Y3m604031YHmoT83dO5dnY6Sf2NOflvJjpPpY/U7SjNbbPe28Y6Wb63bvWJV31S2d2yve8XSaUQIECAwJgFJCBjvjraRoDAmASencb0X9Y7b6L/Qn/cuQo5zJmUPtXq9TlzJ5r3qVeHTTTPbmdS+nSuJiF17t9PvcXr69KS7008JfH8RN8f8q7UHcW5UuqPJtqX1TydrCoECJxEwHcJbFqgf8Bv+hyOT4AAgTkIdO5D35exuk2o9RRGQvp43BfmAvznxNUSfUrU7VO/MzHG0iSkSd5107i+qPA+qR+R+NnEixKdBP+p1J070pcj9hpckHWFAAECBCYiIAE58EL5gAABAucI9Jfjvj+j/0LfX+bHPhKyd6J551n0l/ajvKfjnM5vecMHcr4/SvxqonM8+rjfr8/yrRN9J0vfQdJkqo8AziaFAAECBKYiIAGZypXSTgJLEhh3X/v+jN0jIe9Oc/tOjL4bo+/IyOqZl4Mmmr/qzFumAQQIECCweAEJyOL/FwBAgMAxBDoS0rkKHUnoPIS+E6PvxujtQb0daBsJSUcBOqm8k6+b/HSOxK+nL53f0Tecd5J2R2o69+N8bzTP1xQClwr4SYAAgU0LSEA2Lez4BAjMVaBJSJOPTpTuOzH6bow+uelG6fBpJSR9zGxf8nevHLOPmG2S89Is90WBTS5avyzr3d6nRHW/vkiwyckHs723Kz0rtUKAAAEC4xdYTAslIIu51DpKgMCGBPoujL4To+/GuHHOsW5Ccr185w6J70j860SftvWK1E1w+mLAPrmqIxudB9GRjq/OZx35aJLRR9e+MuvPSTwh0WN03sf1s9yX8o11onmapxAgQIDAUgUkIEu98mPut7YRmLbAugnJ+9Ldzs34hdQ/nPjOxJ0SfbrTJ1OvRjma5Dwy69+Y6GNnOwm+jwK+c9YfmPiRxHMTr068P6EQIECAAIFRCkhARnlZNIoAgRkJHJaQNMG4OH3tvI0XpP63id7O1VGOm2W5bx2/eeq7J7q98zz6SN3/lfW+mT3V6RZHI0CAAAECmxaQgGxa2PEJECBweYHdCUmfVtU/h/9hdrl34gcTHen47dS9faoJShYVAgQWIKCLBBYj0L/4FtNZHSVAgAABAgQIECBA4GwFxpeAnK2HsxMgQIAAAQIECBAgsEEBCcgGcR2awNQEtJcAAQIECBAgsGkBCcimhR2fAAECBAicX8AeBAgQWIyABGQxl1pHCRAgQIAAAQIEzhWwZdsCEpBtizsfAQIECBAgQIAAgQULSEAWfPH3dt06AQIECBAgQIAAgU0LSEA2Lez4BAgQOL+APQgQIECAwGIEJCCLudQ6SoAAAQIECJwrYAsBAtsWkIBsW9z5CBAgQIAAAQIECCxY4LIEZMEGuk6AAAECBAgQIECAwJYEJCBbgnYaAocI+IgAAQIECBAgsBgBCchiLrWOEiBAgMC5ArYQIECAwLYFJCDbFnc+AgQIECBAgACBnR0GixWQgCz20us4AQIECBAgQIAAge0LSEC2b773jNYJECBAgAABAgQILEZAArKYS62jBAicK2ALAQIECBAgsG0BCci2xZ2PAAECBAgQ2NlhQIDAYgUkIIu99DpOgAABAgQIECCwRIGz7rME5KyvgPMTIECAAAECBAgQWJCABGRBF1tX9wpYJ0CAAAECBAgQ2LaABGTb4s5HgAABAjs7DAgQIEBgsQISkMVeeh0nQIAAAQIEliigzwTOWkACctZXwPkJECBAgAABAgQILEhgwQnIgq6yrhIgQIAAAQIECBAYiYAEZCQXQjMILEpAZwkQIECAAIHFCkhAFnvpdZwAAQIEliigzwQIEDhrAQnIWV8B5ydAgAABAgQIEFiCgD4OAhKQAUJFgAABAgQIECBAgMDmBSQgmzd2hr0C1gkQIECAAAECBBYrIAFZ7KXXcQIEliigzwQIECBA4KwFJCBnfQWcnwABAgQIEFiCgD4SIDAISEAGCBUBAgQIECBAgAABApsX2H4Csvk+OQMBAgQIECBAgAABAiMVkICM9MJoFoFNCDgmAQIECBAgQOCsBSQgZ30FnJ8AAQIEliCgjwQIECAwCEhABggVAQIECBAgQIDAHAX0aWwCEpCxXRHtIUCAAAECBAgQIDBjAQnIjC/u3q5ZJ0CAAAECBAgQIHDWAhKQs74Czk+AwBIE9JEAAQIECBAYBCQgA4SKAAECBAgQmKOAPhEgMDYBCcjYroj2ECBAgAABAgQIEJiDwAF9kIAcAGMzAQIECBAgQIAAAQKnLyABOX1TRySwV8A6AQIECBAgQIDAICABGSBUBAgQIDBHAX0iQIAAgbEJSEDGdkW0hwABAgQIECAwBwF9IHCAgATkABibCRAgQIAAAQIECBA4fQEJyOmb7j2idQIECBAgQIAAAQIEBgEJyAChIkBgjgL6RIAAAQIECIxNQAIytiuiPQQIECBAYA4C+kCAAIEDBCQgB8DYTIAAAQIECBAgQGCKAmNvswRk7FdI+wgQIECAAAECBAjMSEACMqOLqSt7BawTIECAAAECBAiMTUACMrYroj0ECBCYg4A+ECBAgACBAwQkIAfA2EyAAAECBAgQmKKANp3ib+EAAALzSURBVBMYu4AEZOxXSPsIECBAgAABAgQIzEhgxgnIjK6SrhAgQIAAAQIECBCYiYAEZCYXUjcIjEpAYwgQIECAAAECBwhIQA6AsZkAAQIECExRQJsJECAwdgEJyNivkPYRIECAAAECBAhMQUAbjyggATkilN0IECBAgAABAgQIEDi5gATk5IaOsFfAOgECBAgQIECAAIEDBCQgB8DYTIAAgSkKaDMBAgQIEBi7gARk7FdI+wgQIECAAIEpCGgjAQJHFJCAHBHKbgQIECBAgAABAgQInFzg9BOQk7fJEQgQIECAAAECBAgQmKmABGSmF1a3limg1wQIECBAgACBsQtIQMZ+hbSPAAECBKYgoI0ECBAgcEQBCcgRoexGgAABAgQIECAwRgFtmpqABGRqV0x7CRAgQIAAAQIECExYQAIy4Yu3t+nWCRAgQIAAAQIECIxdQAIy9iukfQQITEFAGwkQIECAAIEjCkhAjghlNwIECBAgQGCMAtpEgMDUBCQgU7ti2kuAAAECBAgQIEBgDALHbIME5JhwvkaAAAECBAgQIECAwPoCEpD1zXyDwF4B6wQIECBAgAABAkcUkIAcEcpuBAgQIDBGAW0iQIAAgakJSECmdsW0lwABAgQIECAwBgFtIHBMAQnIMeF8jQABAgQIECBAgACB9QUkIOub7f2GdQIECBAgQIAAAQIEjiggATkilN0IEBijgDYRIECAAAECUxOQgEztimkvAQIECBAYg4A2ECBA4JgCEpBjwvkaAQIECBAgQIAAgbMQmPo5JSBTv4LaT4AAAQIECBAgQGBCAhKQCV0sTd0rYJ0AAQIECBAgQGBqAhKQqV0x7SVAgMAYBLSBAAECBAgcU0ACckw4XyNAgAABAgQInIWAcxKYuoAEZOpXUPsJECBAgAABAgQITEhgwgnIhJQ1lQABAgQIECBAgACBSwQkIJcw+EGAwFoCdiZAgAABAgQIHFNAAnJMOF8jQIAAAQJnIeCcBAgQmLrA/wcAAP//2sgSrAAAAAZJREFUAwBknFe+LwwftgAAAABJRU5ErkJggg==', '2025-10-21', '2025-10-20 18:46:04', '2025-10-20 18:46:04');
INSERT INTO `inspeksis` (`id`, `pengawas_id`, `tanda_tangan`, `tanggal`, `created_at`, `updated_at`) VALUES
(3, 4, 'data:image/png;base64,iVBORw0KGgoAAAANSUhEUgAAAyAAAADICAYAAAAQj4UaAAAQAElEQVR4AeydCdx15bj/t38R0aSTUDlpJMRfCM0ZMiWHIso8JB2VQoMSx9BAFCFJxjRJmnA4ouGcVPgjlUiKpCRlKonj//u+9n497fcZ9n6etfde91rf93Ndz3Wvtddw39/1fN5nXfu6r+v+Px3/SUACEpCABCQgAQlIQAISGBMBHZAxgfY2EliSgHskIAEJSEACEpBA+wjogLTvmTtiCUhAAhKQgAQkIAEJTIyADsjE0HtjCUhAAhKQgAQk0D4CjlgCOiD+DkhAAhKQgAQkIAEJSEACYyOgAzI21P03clsCEpCABCQgAQlIQALtI6AD0r5n7oglIAEJSEACEpCABCQwMQI6IBND740lIAEJSEAC7SPgiCUgAQnogPg7IAEJSEACEpCABCQggeYTqM0IdUBq8yjsiAQkIAEJSEACEpCABJpPQAek+c/YEfYTcFsCEpCABCQgAQlIYGIEdEAmht4bS0ACEmgfAUcsAQlIQAIS0AHxd0ACEpCABCQgAQk0n4AjlEBtCOiA1OZR2BEJSEACEpCABCQgAQk0n0D7HJDmP1NHKAEJSEACEpCABCQggdoS0AGp7aOxYxJoHgFHJAEJSEACEpCABHRA/B2QgAQkIAEJNJ+AI5SABCRQGwI6ILV5FHZEAhKQgAQkIAEJSKB5BBxRPwEdkH4ibktAAhKQgAQkIAEJSEACIyOgAzIytF64n4DbEpCABCQgAQlIQAIS0AHxd0ACEpBA8wk4QglIQAISkEBtCOiA1OZR2BEJSEACEpCABJpHwBFJQAL9BHRA+om4LQEJSEACEpCABCQgAQmMjMDYHJCRjcALS0ACEpCABCQgAQlIQALFENABKeZR2VEJzJuAJ0pAAhKQgAQkIIHaENABqc2jsCMSkIAEJNA8Ao5IAhKQgAT6CeiA9BNxWwISkIAEJCABCUigfAKOoLYEdEBq+2jsmAQkIAEJSEACEpCABJpHQAekec+0f0RuS0ACEpCABCQgAQlIoDYEdEBq8yjsiAQk0DwCjkgCEpCABCQggX4COiD9RNyWgAQkIAEJSKB8Ao5AAhKoLQEdkNo+GjsmAQlIQAISkIAEJCCB8gjM1WMdkLkI+bkEJCABCUhAAhKQgAQkUBkBHZDKUHohCfQTcFsCEpCABCQgAQlIoJ+ADkg/EbclIAEJSKB8Ao5AAhKQgARqS0AHpLaPxo5JQAISkIAEJCCB8gjYYwnMRUAHZC5Cfi4BCUignQTWybB3iL4n+vXoX6N/i14T/e/o6dFjom+P7hbdPrpZdL3o8lFFAhKQgAQkMC0BHZBpsVSx02tIQAISKIYAzsYL0ttDo+dEb43+JHpy9I3RraNLRfmb8a+xT4w+O/rq6FujR0VPiZ4XvTL6u+id0cOj60YVCUhAAhKQwGIC/DFZvGFDAhKQQCMIOIjZCKydD58fPSxKZOOWWJyNE2PfHN0qukIUJwRnhAgIzglOCvvXz2ebRomO/HvsO6Mfi54R/Z/otdG/R5eO7hX9cfSb0Z2jd48qEpCABCTQcgI6IC3/BXD4EpBAowlM52xclRGfFH1TlMjGirHTORsrZf+TojglREJ+mvbvozgUTMH6fNofih4YfU10u+gm0TWj94y+KHpuFNkiPz4TvT763uhaUaWhBByWBCQggbkI6IDMRcjPJSABCZRBoGpnYyGj/ktOPiG6ZZQpWEzFujntf4nuHcWZ+UbsC6NGRQJBkYAEJFABgWIuoQNSzKOyoxKQgAQWE6iTs7G4UzM0iLiQR/LAfD41KoJz8rnsMyoSCIoEJCCBNhHQAWnT027LWB2nBJpJYOMM6yNRogu81PdPoyLxm6gCuR075jgiD9NNo8pHExH6bVRkIui9qQQkIIF6EdABqdfzsDcSkIAEphJYIxsHRHE4vhX72ihTliiHi7NBgjgJ5Tgb5HKQ07FPjsE54Zw0xysD3o2+9aIiL805VM+K6fSiIuSk3L/jPwlIQAISaCQBHZBGPlYHJQEJFExgufSd8ra8lFNR6h3ZZsrVHbEkfpPsTZI3zgYJ4pS/5YU+HxcnREU+nV6TpP6Q2COiOFfLxp4ffUBUkYAEBiPgURIohoAOSDGPyo5KQAINJkDJWtbVwJm4KeNkgT8W9Uuzw4s4VaZWyQalbyl3y6KA2WyUsH7IGzKi1aM4VJT9xQkzEhIgigQkIIEmEWieA9Kkp+NYJCCBphMgr4NF/H6VgZ4e3T66TJRSt5S3ZdG/zbPNOht/iG2D3JBB4nz1nBAcMJ2QQFEkIAEJNIWADkhTnqTjkEANCNiFgQiQ14FzwTf+5HXslrMoT/ubWNbVwClhsT8W+PtF9rVRcEJwvHpOCGV7B+FA1IQoEbkxLLJIpIhFEacq5YAHuZbHSEACEpDAiAjogIwIrJeVgAQkMIVAf17Hf+Sz9aJT8zrId2Bl8YuzX+l0iApt0wVBVKjbXMJQ3vdd2Us+CSu6s2giCe7kyCyV/f1yj/4dDdl2GBKQgASKIaADUsyjsqMSkEBhBMzrWPgD6zkeV0xzKSIkOBtEifbP59NVB9sg+5niFrNIPpifK0cVCUhAAhUS8FLDEtABGZaYx0tAAhKYnQBTqHjp5Rt88zpmZzXXp0xX4xicDCwOySvS+H/Rc6NMt+Lv2PfSZv+9Y4l8UB3s0rQviBJV+mPsc6O7R4mUxCgSkIAEJDApAvzHPal7e9+GEXA4EmgxAV6UWa9jpryOx4dN2/M6gmBooSIWJ/02P94dvS768eijouR3UDWMSMj/zfYnokxpYz0UFmy8LNv3jbJA44axp0UVCUhAAhKoAQEdkBo8BLsgAQkUSaA/r4P1OmbK67hoxCNs6uU36Q7shbH7RXvJ+genTYWw58dSJSumc7f8IApCBbHXpk0EivNwSH6WbUUCEpCABGpCQAekJg/CbkhAAkUQMK9j9I9p6jQrHAruyN+q3jQroiLkfFzPB119ZOwlUaIjK8QeGsUZPDFWkcCICXh5CUhgWAL8pz7sOR4vAQlIoI0E+Mb91gx8al4H5WEpqctnTAVq03odQVGpUM2qf5oV5XO5yV75MXWaVTYXCVOsYE5OyEbZQ+ndh8buG70tqkhAAhKQQA0JVOaA1HBsdkkCEpBAVQSenAvxkkuSM7kHrNdBXgcL5PGy20uSzmHKkARYdJBcjmtzXv80K6ZTZXfny/yYovztIrkcB/BV2X9N9DlRntPVsYoEJCABCdSYAP+J17h7dk0CEhiAgIeMlgAOxn/mFitFT4reJ8rLLy/MOCT3zLYyHIGp06zOy6nbR5neNnWa1Vuzb+0o8nN+dJUqYz9Im5K6XOegtIl6EJlKU5GABCQggboT0AGp+xOyfxKQwKQI4FycmZuT8Py3WEq47hhLpaWYDjkGWMq9YtW5CUw3zYqIEhEQprBNnWaFY4FT8vtclulU94s9Psrq8Q+LpaoVz4BFHXvPJLvHLd5PAhKQgASGJaADMiwxj5eABNpAgG/ev5OBPit6U5SXY75xT3OxrNNt/aRrNTMTmG2aFfkzU6tZcRXyOUg0Z82OJ2bHm6JMt3pRLLy3jGVdD8rypqlIQAKtJOCgiyWgA1Lso7PjEpDAiAjgdHw312bdDr5tp8ISNrvuIut2t67qWs1dCTA96uXZRe7MTNOscDKmVrPK4R2mtDHVjb9Px2QHkY7DYklIZ4HBDdJmEcIYRQISkIAESiTAf/Al9ts+/5OALQlIoBoCrCPBWh5n5HLLR4+O8s0960mkuYQYAVkCyaIdlMElf+NP2TouyqKB/xtLSdwtYqdOs8rmEvL+7CEC9ZtYcm1w9Jh6Be/3ZB9TtmIUCUhAAhIolYAOSKlPzn5LQAJVEmCxOiotsZr5nbnwS6K7Rmd72V2308kRnY4RkEUYOqvEHBJlWtTbY5eKwpLSumukzaKARELSnFGIPrGIIAew6OBlaVBtbOfYX0cVCUhAAhJoAAEdkAY8RIcgAQksiAAJzVRf2iZX4eWZnIPPpD2XPLx7QK9UbHezdeYBGfGRUaqC7RNLlTCmVe2dNtGQt8SyHTOr4GR8sXsE0ROiHxtm+6KoIoElCbhHAhIoloAOSLGPzo5LQAIVECCR+ZJch0To82OZLkTyeZqzCtOB+Iaf6lg3znpkcz98cIbGIoCswbF72veK/ixK5Git2PdFb4/OJRz7XzkIpw+mODIPyjZrrTB1K01FAhKQgATqRGChfdEBWShBz5eABEokwIvu4en4qVFenHlZ3irtm6ODyCbdg87q2jYZksDJyaAaFYsA3iODvyLKtDXyNcidGaQs7rI5hylbnPuktJFb8oMckd/GKhKQgAQk0FACOiANfbAOaxwEvEehBFZOv78R3SvKN/TPi2W6ENGMNAeSngPyPwMd3YyDcAyYIvXDDIdyuDhxVAtjEUGmsRHBGJQh+SBMXWPKFut88Bxy2Q77cUJoqxKQgAQk0FACOiANfbAOSwISmJYA60uQ70F1K6b6PDZHfSE6rJAnwjn/zY+GK5Wrvpox4mxsF0u1MMb9jLThSRSJErnZnFVYSZ5FA1nb43M5ktwRoiU/Spso1EdiWXE+ZgDxEAlIQAISKJaADkixj86OS0ACQxJ4cY4nYrF6LC+65HtQZSmbQ8lyOZpv/KmQ1eQE6adnnBdEvxl9ShT5Wn6wCOCmsVQNi5lTyK85KkeRiH5g7N2jRD1geGXaXItFBolIZbMSYXoXz5cFDqls9ulclbVcqMpFXsnZ2WY/0+5wfrKpSEACgxLwOAkslIAOyEIJer4EJFB3AuQo8E07L6G8/LLWBy/Xt86z473pV9/O+TghMY0RohtMSSPa8aWMirES3WDq1aOz/dTooIsAPiLHsvYHzsVuabPAIEnqr0/7/lHk0PzAIXhB7J+jwwrFAHiWe+REktZxkIhsUUWLBRBZ0JDnjfO5cY5ZOsoYid6w/5xs/yFK4YEPxDIFDIcpTUUCEpCABEZFQAdk3mQ9UQISKIAA03yIeuySvvKt+7NjWSSPl+o05yW96Vdcd14XqOFJ5HOQRE5E6PPpH/ke5HMwVYpyw/+WfbzQx8wpREtwBH6QI3EsuDbn8nJPkjrRECIROAc4h6wTggOQw6eVVbOXKXOvjCVpnSlz5KEwlYtEeBylI/LZ66JPjlJBi+szltOyjZNDsvzmafP7QOTl1Wl/IkoEhv7hXOEYMV6qev0in9E/HBum6eG4ZJciAQlIQAJVENABqYKi15CABMZLYLC7sYDd93MoeQq8aPKSWUXVqiY5IMuEDwv/8SL/qbQfGuXF/thYnIWdYi+PziW8xONgEDkhXwRHgHMor0vUBPZEQ3Bq2P+2/GCND5wUFi3M5l3k3tli/RCiIzekzQKG9ImkdZwhnAiiWT/PZ9zjw7F7Rols0G8cGxwnyizvm/0fj1JmmWsxHq71iux7SJSiBNvG4txwHxLimabH9C0cm4vzGc4rkR+cJRZLvG/2KRKQgAQkME8COiDz92nz2QAAEABJREFUBOdpEpBArQnwbTYvnKzOzTfmOCFMBVpop/k/k2lJXIfcCGyJSt4DORdXp/Mkf7OmBy/eTENaM/uIEDBdKs1ZheuwYCCrwRM96EVOcDZwMHrRkKkX4Vnslx04OkRIpk5j6zkeTKN6Z45huhSfk2tDlS1ySDiH+3As06W4B1O8WAyRvBT6klMHFkr+4pjSJxLul8+Zj4vi0JwS+8so4ySCwjFnZptyzSTPH5c2kRkctzTbIY5SAhKQwEIJ8Md0odfwfAlIQAJ1IcA3+rz88iLNyyvffpPTQE5AFX18ZC7Sy2XgJTSbxQlTlHjpZh2UB6b3f4zyzT4v80w5+lW25xIqWhHFYKrSB3MwTsttsUyvWjuWaMilsf0CO6Y28bfnzfmQl/iYDs4EL/c9x4OoBHz3z4crRolmMUUMp+TkbFPJjPulWbng8LA4JQ4NURCiIYyP0sOMlSgPkZz1c+eXR4mmEFWBKY5cdikSkIAERkKgMRflj0BjBuNAJCCBVhMgV+CmEOAb8t/FbhNl/n9MZVL69KunhQTT0nAEeNE+KNu8YDPdCXbZnFVwUnAyrstRnIuj8Ju0mUbFdYg84URk17Ty/uzFQSF6xAv+VMcDJ4jr9RwP7nVwjq/Kecyl5i2M6YScvXuUCA6V0LZOm4gMURccEpwycl2YIpaPFAlIQAISmImADshMZNxfXwL2TAJLEiC5mLUpeDHkm3EiFV9f8rAF7ynVASEahJNAwjYRBaZL3Sc0WJcDZy3NWYWKVryAM42N6U6UuWWKFg4HERWiIXMtIIhDSL4J+RQkhfciHnV2PGaCwnQ1FrMkIkPeCTxwzFbICUz5IwJHHko2FQlIQAIS6CegA9JPxG0JSKA0AkQ+WK+Cb9bJaVgrA+Ab65jKpUQHhIRpEsOp/kXeBfkdJJffMQAd8it6Fa12zPFLRfmWnylWJHvz0s3LeHbPKkQHyOHgoK/kBzkdJToe6fq0Alecse3yKWV9abPuiFOyAkSRgAQk0E9AB6SfiNsSkEBJBHA+KIeL04HzgYNw44gGwPQgcgFYr4LqTSO6TaWXJVmbvlKViopRT8jVyVmImVGGrWg144WmfMAaLBQE4EWdvApY1nGq1ZQuz6t5Rs4i+oaTBnumu1H6ObsVCSyYgBeQQGMI6IA05lE6EAm0jsA4nQ/gbsWPKNEWysOmWWsh0nFherhalFK1VKXixTib0wqVnoataDXthfp2viHblK6N6TAtiSlfB2SjTjke6U5lwtQ0kuaJDjEl8PRc2SlZgaBIQAIS6BEozwHp9VwrAQm0mcC4nQ9YE13BEnHB1lWpBHZ8OndMlBd+8jxYi4MX/+xaQpgeRQ7HsBWtlrjQNDsoUUu1LT4iURvHA4foXdlRh+TydGMkQqSHaVhOyRoJXi8qAQmUTkAHpPQnaP8lMEYCNbnVJJwPhl6CA0JCOCVkKRmLw4HjQbWqvzOAPiUCwbf0861o1Xe5u2zi+FCyluleJMBTkpdE7aY7HneBkA2nZAWCIgEJSKCfgA5IPxG3JSCBOhNYOp2jEhM5H6zevWm2R5XzkUsvFu5L+VV21DUCQp4H+R5UrOKFnylXTL2iz1OVzxda0Wrq9aZrU9KX6Vx8xurjLOxHVIDttmlVU7Laxs3xSkACDSagA9Lgh+vQJNBAAiz8xtoRvMxukfENsmheDluwMKcfJ+SHuRJVjmJqI0QYKLFLpSvKwFJi97HpHUnnMYulqopWiy84S2P57mfkypD/QeJ+d1crDb+vTslq5aN30M0g4CiqJqADUjVRrycBCYyKANWZWPiN67MWxbicD+63CT+idYt+zFViF2aUzP1u+o6DQpQkzQ6REaZnPTobJ0bJz4ipRKgC1bsQU66+09vQdpyS5S+BBCQggRDQAQkEZTACHiWBCRMg+rFG+kCy9Cdixym9/A8WOxznfWe7F2VemXKFU0G0Y2qJ3VFVtJqtP/fPhzyX78X2hAT4Xlv7DwJOyfoHB39KQAItJqAD0uKH79AlUBABvslnIT26zEttld/Yc8259GndAyblgHRvv9hMLbF7bvYSEdoslspXlAn+Y9okgffWLSHZfO3sIxpCfkialck9c6W3RMnJeVnsVdGe/LXX0N6FgFOy7oLDDQlIoG0EdEDa9sQdrwTKJDDJ6AerWVPV6c6gIwE+ZiJC7svmuTOriONoUG6XUrbkwpyZ/UdGcUyYLsb/7bzkviP7Hhgl/+Da2KoFh+bKXPSdUZyNvWM3iCqDEXBK1mCcJnyUt5eABKomwB+pqq/p9SQgAQlUTYBv87nmJKIfj+HGUSINMSMXnB3yKHbKnQ6O4lwwbYfkd/pARansXiQ4JSR4s8Dgp7PnzdFnRCnHi4NC1OiWbFctG+eC34qS8I6D86G0ibC8LxZHLWaR3H3RT3/MRoBnS5EDolQuXDgbKT+TgAQaQ2BgB6QxI3YgEpBAiQSY5kO/P8WPMWuv/O63K74v//+ul2s+N4qjcHLs5VGiGuRRfDbtfaNUkWIqFdWustkh0sCL/vOysX4UJ4Rk8pem/Z7ol6PkycRULqvniixyeGEsTgj3oqwvJXd/m309YQy0cYiw6uwEiFYRpXLhwtk5+akEJNAQAvwBbMhQHIYEGkvAgf2TwHQL6v3z09G0eg7IQqo5kTz/9HTvTVGcKKpS8ZLO9KVTs48yujvEPjRKvss1sWdFD4nychrTuSM/mOJEZAP7hWz/OEqp25iRCk4O07m4H4sc0m+S34m2/GiaO5OPwrPCsVp3ms/dNT0Bp2RNz8W9EpBAwwjogDTsgTocCTSUANOMGBpJzthxKmtqcL9BHJCVcuCWUSICH40laf3WWKpUfSn2sOhLolSwIqrDIopfz3Yvf4NKVkzDIe9k2+zfL9qb0vS2tIl8jMPhyK0WCVEX8m9IMD8ge3CaXhf78Cj9jplWmBJ2RD5hOtlnYguWsXfdKVljR+4NJSCBcRPQARk3ce8nAQnMhwDTUzjv6PxgbQnyDtIcuayVO7C43+9ieTGMWSREBJi3/6ps8aLNuho3pM00pG/EkrPymljK9/bOZw0Rksd3z/6toitHKV1LJGHPtI+NklfBS36ai+UN3RYv/kRHupsjNySz40gclzvR1/fGwuMjsYNUIaMy1i9zLFO1do1VBidA1IvfeabZUdGM9vU53ZyaQFBaRMChNpaADkhjH60Dk0CjCDBtiSgIL+D7Z2TkOJAzQVWobI5MeHnm4tyvPyGcPIiP5cM9ok+Krhqlj7y0860/+Q9MUSIhfMV8xgv9LrE4J9+MxVmJmVNwALg/07jGEQHCyWB6F+V8SYanzdQwpo+RCD9nh7sH3B5L9CSmQ+RnNRrqUARgv2HOgCVOIL9r2VQkIAEJlE1AB6T+z88eSkACnQ7TkHiJf2VgkKDN/13kTFAVihd+XnTJjcjH8xKuN11COIngXJApR1MTwokAkPtwSj48KMo31VMTwplmVVVCOPci/yK36XAvnDDaVStTv4hyXJEL/1v0+9FNo4zt6tj5yNdyEtW57hPLIoUxypAEiLw9pXsOuUIP6LY1EpCABIolwB/dYjtvxyUggVYRIAmbaAD5E6x9cWJGTz7Eo2LZf1ssSdJEF05Im3yJN8ZSznbr2IdEmQ5FJGFqQji5HUx7IrG6LyG80/s/kmNICN851+B+TMEiKvD8bFMamG+quTf9ya7KhfGNKgqCQ8P0LpwMkttvTu9fEYUzOSxpLkiYcsY1eYmG14Iu1tKTeQ4nZezLRvm9jlEkIAEJlEug98e13BHYcwlIoI0EzsugWQQPZ+LdaVNxif/PqLiEc7Jj9pE7QRSCKAYJ03yzP11COCVsSQj/dc45J/r+aC9/g5K32exsnx8khFOClsgAc/Sza2xCFARHhxsyhauq6UxMHfthLso6HjhVLCi4TraJVsA0zQUL+TMk5XOhD+cHTmCMMiQBfp9xsvndZjrfkKcXeLhdloAEGkuAP9iNHZwDk4AEGk+AxFySnfm/jClaRCV4qSZSQc4CzgSREqZqUcmJl2qUb5TJ3+CljugI8+vJ4eDcvUKNz8jxWDpthLK42EkqeTDkAtwrnSAiQ4QizXkJ0SCqcpE8z9QxFhRkCtqBuRovuTGVCs+A6VhwpuJXpRdvycV+lXFSCS2mQ8ECIle0VQlIQAKVExj1BfmjPep7eH0JSEAC4yDAN+3kZRDFIFJBPgPOBJESSuPygs3/eSi5DUQ5qGBF1apBE8LHMY6Z7kEezP3yIf3FWaKqFosUZtfAct8ceVT00ijT0C6Kpcww09SuS3uUQp4OFZ1YMHHUxQNGOY5JXpvfV37HcSBxnifZF+8tAQlIYN4E+EM875M9UQLNJuDoJFA7ArzAk0tBhIZpY6enhzhZMbMK5Vs57qc5arco5XFxzCglTDQlu0Yu3HOf7l2I5hDJ6W5qBiSAE0rpZw43IR0KqgQkUCQBHZAiH5udloAEWkyAfBCiNyTYg+Hw/GB9kZmm5Dwnn18e5TimlDFljW/QmRaV3WMV1hAh6rJm7kq+ScwM4u6ZCDB90IT0mei4XwISKIKADkgRj8lOSkACEyLAN87cmhd2bJ0Uh2K7dIi1R14dS44F5W7T7GyQHySrkyx/Wtokln8yliR9kvY5J5tjF/JvXpy70i+mEC0kjyWXaa3AjlwdE9Jb+ysw2oF7dQmMmoAOyKgJe30JSKBkAry8039ySLB107PSIfJZbozdKkop4O/GXhal8hRTr5i2RelgcjBuyP5JC8UAqOh1t3SE6mQ4S2kqQxCYmpBOMYEhTvVQCUhAApMnoAMy4zPwAwlIQAId1hTp5F9dHZB0rXOP/CAxnTVIWKSOqALtr2Y/626QeE7p4GzWRg5LTygasFIslbhYdyRNZQgCX+weSy5Qt6mRgAQkUAYBHZAynpO9lEC7CNRntLzY0xvyKJjGRLsOilNBUjmRDqphMRWH/897U6uYOsYUrFPSWdoxtRL6RNnkfdMrKnt9PPaj0VWiymAEiGpxJGviYFUJSEACxRDgD1YxnbWjEpCABMZMgJKnfFO/TO7Lgn2sLTKp/ze57zbpB04FU3DIAWH6EvkU7HtaPlsuSoUs+jtohaycMjE5NHdm7RUSq0msJxoybGnhXKKVslF31N/u2sqMF5KABCQwagL8QRv1Pby+BCQggZIJEG3YuzsApg4RZaAKEeVQH9TdP0qzRi7OAnQ/i/1KdPso066obEW/mHbFVKv/zP6/RnmRH7RCVg6fuLBIJE4IDtWG6c2ZUStkBcIc0nNAxlVGeY7u+LEEJFABgdZcQgekNY/agUpAAvMkQD7F+3Luw6N/iJLYzQs/kYZrs31l9MjottF7R6sQ7rFDLoRTcU3sQVGcHRLKma70xGw/LEq/pltEkZf5mSpk5bTayR3pEU4TYyaRnlLBREM2zn5legIsIMknOiBQUCUggaII6IAU9bha0lmHKYF6Ergq3SJv4XGxB3BUuE0AABAASURBVESZe08uw3pp7x49I3pLlMR1XqB5QaQs7mrZh/OyWSxOwctiKaPKQnLkaXw222dHmYZ0RSyVqnghPzntp0b5f5q1Myi1S7SDyMuF2T+X9FfI4hr0Za7zJvn553PzJ0c/HSUqQpWsPdJW7kpgrWyuEGV6IJGxNBUJSEAC5RDgD1s5vbWnEpCABCZLgGjIJenCu6JbRKni9OzYD0T55p7IBfuZQnRx9hExuS720igOC5WLPpE2kYu3xlIqd6fYZ0SJarDeyKppU6KW6VRHpE2kgxXLj02bCEjMwMK340zVYboW+SK97RkvUIMPfpE+vDS6W5T8FhickDYv3TFKCPBMYzr8LmJVCUhAAkUR0AEp6nHZWQlIoGYE/pT+kLPAt/Trp/2v0V2jfJOPA4HDwhodJLNTrYo1G47P50dF3xGlkhXrcxAZ2Tzbj4iuHmUqF84MkRKch+yat/wyZzKViYpeODcXZLuERO8Pp59EQ8h7ocoXU7JelH1Kp9NzQExAb9Zvg6ORQGsI6IC05lE7UAlIYAwEfp57HB0llwEHYqm07x99aHST6DOjO0dfHyUC8v7YT0aZvnV+LJW2cBhuS7tKIXLylFyQvBXWjSihQla622FRxaenQRL+g2Nx3si3odpXNlsrPQeEiFZrIThwCUigXAL1c0DKZWnPJSABCdSZwN/SudIqZKXLi4R8GcoM88JNvg3REKIjiz5s2Y+lM97ewphGQAJDkYAEyiOgA1LeM7PHEhgZAS/cCgKlVcjqPRQqgpGY/qHsoBDA12IpBhDTKiFihhNCfhEV0lo1eAcrAQk0g4AOSDOeo6OQgAQkMAyBXoWsX+ekraJU7+LFloT6bNZWqPpE4v6L00Omu5FHw1geme3SZZD+43BRtIApdRQtGOQcj5GABCRQOwI6ILV7JHZIAhKQwFgIMJ3pMbnT7VG+UafyFLkhJNafmn285FPqNc3aCaWLmYJFqWLyaijXu0vtellth1iAEoeLq1K4gHwh2qoEJLBgAl5g3AR0QMZN3PtJQAISqA8BSt6S0L11ukQpYaIKy6b93ChrcdwU+9Uolb1Ipk+zNvKT9OQF0b2j9Jnkf0ocPzDbTRPWkWFsjOvA/KDKWowiAQlIoEwCOiBlPreR9NqLSkACrSRAcjoleiklTBlhoiKsc0L5Xyp5UT2LkrjXhw4LIL45du1oXYQ1VYiGsAAkizySoI4DVZf+LbQfRKdwPljUkipgrDGz0Gt6vgQkIIGJEtABmSh+by4BCUhgEYE6/WBqFrkGD0un1ovuE/1WFHl8fhwavSrKFCBehnslYbNrYsIaKySoH5IeUPKYKWT0Ewcqu4oWcnNwCql4hYO1kMGQO/L3XAC9OFaRgAQkMBECOiATwe5NJSABCRRBgGlOh6WnT4gytel1sVSfujMWB+UtsbwYXxvL+hyUh2Xtk2yOXVj0cb/c9TnRy6JEaoiGbJp2qYIj2Es6J++DxS0XMhYWuFzI+Q0912FJQALjJqADMm7i3k8CEpBAmQRuSLc/En1qdJUoSepEGkhaf1C2WZ+DqVw3ps2UISpqLZP2uIVEeqIhH8+NN4+SoP7G2NJklEnnOI7k/ZTGxP5KQAINIbDYAWnIeByGBCQgAQmMngDlcKlExUvyv+R220WZKnRz7MpRpgrhCLBNwjTf4o+zohZO0KvSj1dHb42+J0o/1o8tQUaVdH5bd/Dk+FBgoG6FBbrd00hAAk0noAPS9Cfs+EogYB8lUDKBP6fzZ0SZIrRqLN+s9ypqMeXnedmHs8ILL4sJjrOi1rG5N9EQ+kc/iIZQbji7ayX3Sm9Yj4UpV2en/b3oKJLOeT7cg6lc98w9zo8+IKpIQAISGCsBHZCx4vZmEpCABBpNYK6KWkzfGndFLZLlidAw7Yg8FiI1TCW77z+exER+Um3shbkzjhpJ/0Qmzsk263w8I5Y8mt/HEkmKqUxIQif6sUauSCGBdWLPixoJCQRFAhIYHwEdkPGx9k4SkIAE2kaAl2u+cSdhfdIVtd4d+JTrpaLXa9MmGsLLfpojFcroPjZ3oMwxCydel/Y10c9FXx99dBS5Mj/InWHa2AZprxglUhFTuZDPs1mu2nNCiITohASIMmYC3q61BHRAWvvoHbgEJCCBsRKoQ0UtogxMyToiI39UlOlOb4+tUoisPCsXPDh6bpRIBiVvuecO2V4tenuUyAPHbJs2eTMPiX1FlGljV8RSKjdmZIITQpJ+zwn5ce7UhLLFGYYiAQnUnYAOyOSfkD2QgAQk0DYCvPwyDYopWeOuqMV0pzcE+I7Rn0bfGiU3hbU20hxK7pajWXeEhPfj0v5RlMT7M2P3jfKCT37HL9Mm+rFn7OOiy0e3iO4fPSv62+gk5Fe5KX38S+xy0V2iigQkIIGRE9ABGTlibyABCdSXgD2rAYFJVdQ6KWMnGnJ8LI4QU7L+Pe3ZBGeCZHHySYie4GxcnhM+FiUJnypbTJti6tkHs488D/I9Vk/7BVHWSrkklmNiaiE4IThjdIZoEM4RbVUCEpDAyAjogIwMrReWgAQkIIEhCYy7ohYLKO6cPpKLEdPBaaBiF04D26xvwss5yeIsuMh0KqZxsQI8+SMr5aBbol+KkutCBTBe4ImmsC7Kidn/82jd5bR08MIo08dwrtIcg3gLCUigtQR0QFr76B24BCQggVoTGGdFraNCgijIRbGsWULlLKIbOCgnZB8OykaxJJT3J4uTv/HMfEZ1KRZiJL8jm8VJL/rD9DSqhRU3ADssAQkMTmDSR+qATPoJeH8JSEACEhiEANOaiDJUVVGLb/tJFqc6FsniOA8bdzvCGhx8zlSpC7LvkOikksVz67HId3MXIjYkor83bUUCEpDAyAjogIwMrReuPwF7KAEJFEpgPhW1Hp6xTpcsvl/2k4hNfgfJ4qdk+5goVaGIeKBfy/Ykk8Vz+7EILO7Mnchd6ZUHzqYiAQlIoFoCOiDV8vRqEpCABCQwCIHqjumvqPWSXPoLUapdkcNBLgbRjUuzb2qyeDY7fOtP3seLsrFmlGTx58dSDeoJsUdHHx/9rygVq2IaLaxPQrlgBsm0NKwqAQlIoHICOiCVI/WCEpCABCQwIQJU1PpM7v28KLkZ28V+MspUKvTLaR8YJVl82VjyOnBQyPMg3yO7FgulcXfNFquRXx9LjsfpsURSYhorJNgzdhyw5zR2lC0fmMOXwKQJ6IBM+gl4fwlIQAISGAWBqRW1yGtAqVzFCzYRkUGTxT+VzlGu99TYZ0cp18tUrjQbKVT6elt3ZFQE6zY1EpCABKoj0GIHpDqIXkkCEpCABBpNgMpX22eEb4quGGUq17Gxq0abKEw9owrZvTO4NaKKBCQggUoJ6IBUitOLSUACAxHwIAmUSYDqUERDzkv3XxklGsI0rzQbJSSif6s7og27ViMBCUigMgI6IJWh9EISkIAEJNACApTlfXLGeViUksBfjD04Wszf0/R1ECFpn+MewQ9VAhKQQJUEmvYfZpVsvJYEJCABCUhgOgJECPbJByS7XxG7b5RoyBNjmyI6IE15ko6jTgTsS5eADkgXhEYCEpCABCQwJAHK/RINodLWljmXcr17xTZBdECa8BQdgwRqSkAHpKYPptHdcnASkIAEmkOAEr0vz3BeG2XtkcNjT4quGy1ZWCOF/jPNzHcFSKgSkEBlBPxPpTKUXkgCEpBA/QnYw5ER+GiuTIL62bEsZkg0ZOe0S5U/peO/iPKesEGsIgEJSKAyAvzHUtnFvJAEJCABCUigxQS+n7E/K8pih6zCzqKIrCi+QvaVKL1pWFbCqubpeRUJSKBLQAekC0IjAQlIQAISqIgAix0+Jde6OLpblAT1bWJLk54DYiWs0p6c/ZVAzQmM3wGpORC7JwEJSEACEqiAAFOwSFD/QK61UfQr0YOiJYkOSElPy75KoCACOiAFPSy7KoGFEvB8CUhgrAT+kLvtEd0p+rPo26Jfjj46WoL8oNtJIyBdEBoJSKAaAjog1XD0KhKQgAQkIIGZCHyu0+kQDTkxBzwtSnTkdbF1l8vSwf+Nks9y71hFAhKQQCUEdEAqwehFJCABCUhAArMSuDqfvjC6Z/Qe0Q9FPxVdI1pXwfm4vNu5R3WtRgIFErDLdSOgA1K3J2J/JCABCUigyQSOzOAo10ti+kvSJhqyfWxdpZcHYiWsuj4h+yWBAgnogBT40ObbZc+TgAQkIIFaELgovWBK1rti14ueEn1vdJlo3aTngJgHUrcnY38kUDABHZCCH55dl4AEiiFgRyUwHYEDsnPbKMnee8cSFdkitk6iA1Knp2FfJNAQAjogDXmQDkMCEpCABIokcFZ6TTTkmNhNojgh+8TWRVhckb48jh9lqr2WgATqRkAHpG5PxP5IQAISkEDbCNyUAe8SfWX019FDon+Jnhx9TXTN6KRk6Und2PtKQAINIDDDEHRAZgDjbglIQAISkMCYCRyX+xENuTn27tEdoh+NsobIVbFHRZ8bXS46LnlM90bndq1GAhKQwIIJ6IAsGKEXkMCcBDxAAhKQwKAEKHt7vxz82Oj+0W9E74iuHd0temr0luiF0f+Ibh4dZZRio1wf+Q4/VAlIQAJVENABqYKi15CABCQggZoSKLJbrL/x7fT84OjW0ZWiT4++L0pS+FKxj48eGCUygUNCLske2d4gWqX0IiA6IFVS9VoSaDkBHZCW/wI4fAlIQAISqD2B29PDr0SplMV6HERIds42CxleH3uf6DOjR0RZvfy62E9Gd4quEp2PbJqTDo9uGUVwiLCqBAYn4JESmIGADsgMYNwtAQlIQAISqCkBktaPT99eFl0t+rDontGzo3+Msu+lsZ+N3hilkhXrjGyT9r2iM0nP6fhpDjg/uleUaMufY6+JKhKQgAQqIaADUgnGWS/ihxKQgAQkIIFREiBv5Mjc4FlRpmuxlsg702bBQ6ZzETUhekIUhela5+Sz/aJMryKHhEjHVKdjrXx2dZQpX5vFzua05GNFAhKQwHAEdECG4+XREpBAUQTsrARaR+CvGfF5UfJDyBNZOe3tox+O4mQsE7tV9N3RS6LkkBDp6Hc6SHrHabkgxygSkIAEKiWgA1IpTi8mAQlIQAISqBWB36U3VM6igtY6aT84umv0tCjREfJLepGOap2O3ECRgAQkMB0BHZDpqLhPAhKQgAQk0EwC5HIcnaGxngj5HcumbaQjEBQJNIlA3ceiA1L3J2T/JCABCUhAAhKQgAQk0CACOiANepgOpZ+A2xKQgAQkIAEJSEACdSOgA1K3J2J/JCABCTSBgGOQgAQkIAEJzEBAB2QGMO6WgAQkIAEJSEACJRKwzxKoOwEdkLo/IfsnAQlIQAISkIAEJCCBBhFosAPSoKfkUCQgAQlIQAISkIAEJNAQAjogDXmQDkMCtSJgZyQgAQlIQAISkMAMBHRAZgDjbglIQAISkECJBOyzBCQggboT0AGp+xOyfxL9SAVkAAAC6ElEQVSQgAQkIAEJSEACJRCwjwMS0AEZEJSHSUACEpCABCQgAQlIQAILJ6ADsnCGXqGfgNsSkIAEJCABCUhAAhKYgYAOyAxg3C0BCUigRAL2WQISkIAEJFB3AjogdX9C9k8CEpCABCQggRII2EcJSGBAAjogA4LyMAlIQAISkIAEJCABCUhg4QSqd0AW3ievIAEJSEACEpCABCQgAQk0lIAOSEMfrMNqJwFHLQEJSEACEpCABOpOQAek7k/I/klAAhKQQAkE7KMEJCABCQxIQAdkQFAeJgEJSEACEpCABCRQRwL2qTQCOiClPTH7KwEJSEACEpCABCQggYIJ6IAU/PD6u+62BCQgAQlIQAISkIAE6k5AB6TuT8j+SUACJRCwjxKQgAQkIAEJDEhAB2RAUB4mAQlIQAISkEAdCdgnCUigNAI6IKU9MfsrAQlIQAISkIAEJCCBOhCYZx90QOYJztMkIAEJSEACEpCABCQggeEJ6IAMz8wzJNBPwG0JSEACEpCABCQggQEJ6IAMCMrDJCABCUigjgTskwQkIAEJlEZAB6S0J2Z/JSABCUhAAhKQQB0I2AcJzJOADsg8wXmaBCQgAQlIQAISkIAEJDA8AR2Q4Zn1n+G2BCQgAQlIQAISkIAEJDAgAR2QAUF5mAQkUEcC9kkCEpCABCQggdII6ICU9sTsrwQkIAEJSKAOBOyDBCQggXkS0AGZJzhPk4AEJCABCUhAAhKQwCQIlH5PHZDSn6D9l4AEJCABCUhAAhKQQEEEdEAKelh2tZ+A2xKQgAQkIAEJSEACpRHQASntidlfCUhAAnUgYB8kIAEJSEAC8ySgAzJPcJ4mAQlIQAISkIAEJkHAe0qgdAI6IKU/QfsvAQlIQAISkIAEJCCBgggU7IAURNmuSkACEpCABCQgAQlIQAKLCOiALMLgDwlIYCgCHiwBCUhAAhKQgATmSUAHZJ7gPE0CEpCABCQwCQLeUwISkEDpBP4/AAAA//9gzXkEAAAABklEQVQDAHIIPfpOxwF9AAAAAElFTkSuQmCC', '2025-10-21', '2025-10-21 06:51:41', '2025-10-21 06:51:41');

-- --------------------------------------------------------

--
-- Table structure for table `jawabans`
--

CREATE TABLE `jawabans` (
  `id` bigint UNSIGNED NOT NULL,
  `inspeksi_id` bigint UNSIGNED NOT NULL,
  `pertanyaan_id` bigint UNSIGNED NOT NULL,
  `jawaban` enum('Ya','Tidak') COLLATE utf8mb4_unicode_ci NOT NULL,
  `created_at` timestamp NULL DEFAULT NULL,
  `updated_at` timestamp NULL DEFAULT NULL
) ENGINE=InnoDB DEFAULT CHARSET=utf8mb4 COLLATE=utf8mb4_unicode_ci;

--
-- Dumping data for table `jawabans`
--

INSERT INTO `jawabans` (`id`, `inspeksi_id`, `pertanyaan_id`, `jawaban`, `created_at`, `updated_at`) VALUES
(1, 2, 1, 'Ya', '2025-10-20 18:46:04', '2025-10-20 18:46:04'),
(2, 2, 2, 'Ya', '2025-10-20 18:46:04', '2025-10-20 18:46:04'),
(3, 2, 3, 'Ya', '2025-10-20 18:46:04', '2025-10-20 18:46:04'),
(4, 2, 4, 'Ya', '2025-10-20 18:46:04', '2025-10-20 18:46:04'),
(5, 2, 5, 'Ya', '2025-10-20 18:46:04', '2025-10-20 18:46:04'),
(6, 2, 6, 'Ya', '2025-10-20 18:46:04', '2025-10-20 18:46:04'),
(7, 2, 7, 'Ya', '2025-10-20 18:46:04', '2025-10-20 18:46:04'),
(8, 2, 8, 'Ya', '2025-10-20 18:46:04', '2025-10-20 18:46:04'),
(9, 2, 9, 'Ya', '2025-10-20 18:46:04', '2025-10-20 18:46:04'),
(10, 2, 10, 'Ya', '2025-10-20 18:46:04', '2025-10-20 18:46:04'),
(11, 2, 11, 'Ya', '2025-10-20 18:46:04', '2025-10-20 18:46:04'),
(12, 2, 12, 'Ya', '2025-10-20 18:46:04', '2025-10-20 18:46:04'),
(13, 2, 13, 'Ya', '2025-10-20 18:46:04', '2025-10-20 18:46:04'),
(14, 2, 14, 'Ya', '2025-10-20 18:46:04', '2025-10-20 18:46:04'),
(15, 2, 15, 'Ya', '2025-10-20 18:46:04', '2025-10-20 18:46:04'),
(16, 2, 16, 'Ya', '2025-10-20 18:46:04', '2025-10-20 18:46:04'),
(17, 2, 17, 'Ya', '2025-10-20 18:46:04', '2025-10-20 18:46:04'),
(18, 2, 18, 'Ya', '2025-10-20 18:46:04', '2025-10-20 18:46:04'),
(19, 2, 19, 'Ya', '2025-10-20 18:46:04', '2025-10-20 18:46:04'),
(20, 2, 20, 'Tidak', '2025-10-20 18:46:04', '2025-10-20 18:46:04'),
(21, 2, 21, 'Ya', '2025-10-20 18:46:04', '2025-10-20 18:46:04'),
(22, 2, 22, 'Tidak', '2025-10-20 18:46:04', '2025-10-20 18:46:04'),
(23, 2, 23, 'Tidak', '2025-10-20 18:46:04', '2025-10-20 18:46:04'),
(24, 2, 24, 'Tidak', '2025-10-20 18:46:04', '2025-10-20 18:46:04'),
(25, 2, 25, 'Ya', '2025-10-20 18:46:04', '2025-10-20 18:46:04'),
(26, 2, 26, 'Ya', '2025-10-20 18:46:04', '2025-10-20 18:46:04'),
(27, 2, 27, 'Tidak', '2025-10-20 18:46:04', '2025-10-20 18:46:04'),
(28, 2, 28, 'Tidak', '2025-10-20 18:46:04', '2025-10-20 18:46:04'),
(29, 2, 29, 'Tidak', '2025-10-20 18:46:04', '2025-10-20 18:46:04'),
(30, 2, 30, 'Tidak', '2025-10-20 18:46:04', '2025-10-20 18:46:04'),
(31, 2, 31, 'Tidak', '2025-10-20 18:46:04', '2025-10-20 18:46:04'),
(32, 2, 32, 'Tidak', '2025-10-20 18:46:04', '2025-10-20 18:46:04'),
(33, 2, 33, 'Tidak', '2025-10-20 18:46:04', '2025-10-20 18:46:04'),
(34, 2, 34, 'Tidak', '2025-10-20 18:46:04', '2025-10-20 18:46:04'),
(35, 2, 35, 'Tidak', '2025-10-20 18:46:04', '2025-10-20 18:46:04'),
(36, 2, 36, 'Tidak', '2025-10-20 18:46:04', '2025-10-20 18:46:04'),
(37, 2, 37, 'Tidak', '2025-10-20 18:46:04', '2025-10-20 18:46:04'),
(38, 2, 38, 'Tidak', '2025-10-20 18:46:04', '2025-10-20 18:46:04'),
(39, 2, 39, 'Tidak', '2025-10-20 18:46:04', '2025-10-20 18:46:04'),
(40, 3, 1, 'Ya', '2025-10-21 06:51:41', '2025-10-21 06:51:41'),
(41, 3, 2, 'Tidak', '2025-10-21 06:51:41', '2025-10-21 06:51:41'),
(42, 3, 3, 'Ya', '2025-10-21 06:51:41', '2025-10-21 06:51:41'),
(43, 3, 4, 'Tidak', '2025-10-21 06:51:41', '2025-10-21 06:51:41'),
(44, 3, 5, 'Ya', '2025-10-21 06:51:41', '2025-10-21 06:51:41'),
(45, 3, 6, 'Tidak', '2025-10-21 06:51:41', '2025-10-21 06:51:41'),
(46, 3, 7, 'Ya', '2025-10-21 06:51:41', '2025-10-21 06:51:41'),
(47, 3, 8, 'Tidak', '2025-10-21 06:51:41', '2025-10-21 06:51:41'),
(48, 3, 9, 'Ya', '2025-10-21 06:51:41', '2025-10-21 06:51:41'),
(49, 3, 10, 'Tidak', '2025-10-21 06:51:41', '2025-10-21 06:51:41'),
(50, 3, 11, 'Ya', '2025-10-21 06:51:41', '2025-10-21 06:51:41'),
(51, 3, 12, 'Tidak', '2025-10-21 06:51:41', '2025-10-21 06:51:41'),
(52, 3, 13, 'Ya', '2025-10-21 06:51:41', '2025-10-21 06:51:41'),
(53, 3, 14, 'Tidak', '2025-10-21 06:51:41', '2025-10-21 06:51:41'),
(54, 3, 15, 'Ya', '2025-10-21 06:51:41', '2025-10-21 06:51:41'),
(55, 3, 16, 'Tidak', '2025-10-21 06:51:41', '2025-10-21 06:51:41'),
(56, 3, 17, 'Ya', '2025-10-21 06:51:41', '2025-10-21 06:51:41'),
(57, 3, 18, 'Tidak', '2025-10-21 06:51:41', '2025-10-21 06:51:41'),
(58, 3, 19, 'Ya', '2025-10-21 06:51:41', '2025-10-21 06:51:41'),
(59, 3, 20, 'Tidak', '2025-10-21 06:51:42', '2025-10-21 06:51:42'),
(60, 3, 21, 'Ya', '2025-10-21 06:51:42', '2025-10-21 06:51:42'),
(61, 3, 22, 'Tidak', '2025-10-21 06:51:42', '2025-10-21 06:51:42'),
(62, 3, 23, 'Ya', '2025-10-21 06:51:42', '2025-10-21 06:51:42'),
(63, 3, 24, 'Tidak', '2025-10-21 06:51:42', '2025-10-21 06:51:42'),
(64, 3, 25, 'Ya', '2025-10-21 06:51:42', '2025-10-21 06:51:42'),
(65, 3, 26, 'Tidak', '2025-10-21 06:51:42', '2025-10-21 06:51:42'),
(66, 3, 27, 'Ya', '2025-10-21 06:51:42', '2025-10-21 06:51:42'),
(67, 3, 28, 'Tidak', '2025-10-21 06:51:42', '2025-10-21 06:51:42'),
(68, 3, 29, 'Ya', '2025-10-21 06:51:42', '2025-10-21 06:51:42'),
(69, 3, 30, 'Tidak', '2025-10-21 06:51:42', '2025-10-21 06:51:42'),
(70, 3, 31, 'Ya', '2025-10-21 06:51:42', '2025-10-21 06:51:42'),
(71, 3, 32, 'Tidak', '2025-10-21 06:51:42', '2025-10-21 06:51:42'),
(72, 3, 33, 'Ya', '2025-10-21 06:51:42', '2025-10-21 06:51:42'),
(73, 3, 34, 'Tidak', '2025-10-21 06:51:42', '2025-10-21 06:51:42'),
(74, 3, 35, 'Ya', '2025-10-21 06:51:42', '2025-10-21 06:51:42'),
(75, 3, 36, 'Tidak', '2025-10-21 06:51:42', '2025-10-21 06:51:42'),
(76, 3, 37, 'Ya', '2025-10-21 06:51:42', '2025-10-21 06:51:42'),
(77, 3, 38, 'Tidak', '2025-10-21 06:51:42', '2025-10-21 06:51:42'),
(78, 3, 39, 'Ya', '2025-10-21 06:51:42', '2025-10-21 06:51:42');

-- --------------------------------------------------------

--
-- Table structure for table `kategori_inspeksis`
--

CREATE TABLE `kategori_inspeksis` (
  `id` bigint UNSIGNED NOT NULL,
  `nama` varchar(255) COLLATE utf8mb4_unicode_ci NOT NULL,
  `deskripsi` text COLLATE utf8mb4_unicode_ci,
  `created_at` timestamp NULL DEFAULT NULL,
  `updated_at` timestamp NULL DEFAULT NULL
) ENGINE=InnoDB DEFAULT CHARSET=utf8mb4 COLLATE=utf8mb4_unicode_ci;

--
-- Dumping data for table `kategori_inspeksis`
--

INSERT INTO `kategori_inspeksis` (`id`, `nama`, `deskripsi`, `created_at`, `updated_at`) VALUES
(1, 'Kebersihan Lingkungan Kerja', 'Pemeriksaan kebersihan area kerja', '2025-10-20 17:26:04', '2025-10-20 17:26:04'),
(2, 'Pemeliharaan Toilet', 'Pemeriksaan kondisi toilet', '2025-10-20 17:26:04', '2025-10-20 17:26:04'),
(3, 'Pemeliharaan Halaman/Parkir', 'Pemeriksaan area halaman dan parkir', '2025-10-20 17:26:04', '2025-10-20 17:26:04');

-- --------------------------------------------------------

--
-- Table structure for table `migrations`
--

CREATE TABLE `migrations` (
  `id` int UNSIGNED NOT NULL,
  `migration` varchar(255) COLLATE utf8mb4_unicode_ci NOT NULL,
  `batch` int NOT NULL
) ENGINE=InnoDB DEFAULT CHARSET=utf8mb4 COLLATE=utf8mb4_unicode_ci;

--
-- Dumping data for table `migrations`
--

INSERT INTO `migrations` (`id`, `migration`, `batch`) VALUES
(1, '2025_10_21_010618_create_users_table', 1),
(2, '2025_10_21_010716_create_kategori_inspeksis_table', 1),
(3, '2025_10_21_010750_create_pertanyaan_table', 1),
(4, '2025_10_21_010841_create_inspeksis_table', 1),
(5, '2025_10_21_010921_create_jawabans_table', 1),
(7, '2025_10_21_013011_create_sessions_table', 2),
(8, '2025_10_21_014537_rename_jawaban_to_jawaban_inspeksis', 2),
(9, '2025_10_21_020627_create_jawaban_table', 3),
(10, '2025_10_21_020825_create_jawabans_table', 4);

-- --------------------------------------------------------

--
-- Table structure for table `pertanyaan`
--

CREATE TABLE `pertanyaan` (
  `id` bigint UNSIGNED NOT NULL,
  `pertanyaan` text COLLATE utf8mb4_unicode_ci NOT NULL,
  `kategori_id` bigint UNSIGNED NOT NULL,
  `urutan` int NOT NULL DEFAULT '0',
  `created_at` timestamp NULL DEFAULT NULL,
  `updated_at` timestamp NULL DEFAULT NULL
) ENGINE=InnoDB DEFAULT CHARSET=utf8mb4 COLLATE=utf8mb4_unicode_ci;

--
-- Dumping data for table `pertanyaan`
--

INSERT INTO `pertanyaan` (`id`, `pertanyaan`, `kategori_id`, `urutan`, `created_at`, `updated_at`) VALUES
(1, 'Lantai bersih (Disapu & Dipel)', 1, 1, '2025-10-20 17:26:04', '2025-10-20 17:26:04'),
(2, 'Dinding bersih', 1, 2, '2025-10-20 17:26:04', '2025-10-20 17:26:04'),
(3, 'Langit-langit bersih', 1, 3, '2025-10-20 17:26:04', '2025-10-20 17:26:04'),
(4, 'Meja/kursi bersih dan rapi', 1, 4, '2025-10-20 17:26:04', '2025-10-20 17:26:04'),
(5, 'Kaca bersih dan tidak berminyak', 1, 5, '2025-10-20 17:26:04', '2025-10-20 17:26:04'),
(6, 'Lemari/tangga bersih dan rapi/lurus', 1, 6, '2025-10-20 17:26:04', '2025-10-20 17:26:04'),
(7, 'Ruang & Peralatan di cuci', 1, 7, '2025-10-20 17:26:04', '2025-10-20 17:26:04'),
(8, 'Tempat sampah tidak penuh', 1, 8, '2025-10-20 17:26:04', '2025-10-20 17:26:04'),
(9, 'AC berfungsi (dingin)', 1, 9, '2025-10-20 17:26:04', '2025-10-20 17:26:04'),
(10, 'Rak/rak/lemari arsip bersih/rapi', 1, 10, '2025-10-20 17:26:04', '2025-10-20 17:26:04'),
(11, 'Papan informasi rapi', 1, 11, '2025-10-20 17:26:04', '2025-10-20 17:26:04'),
(12, 'Ruang/sisi genset', 1, 12, '2025-10-20 17:26:04', '2025-10-20 17:26:04'),
(13, 'Check level solar, air radiator, air accu', 1, 13, '2025-10-20 17:26:04', '2025-10-20 17:26:04'),
(14, 'Toilet bersih dan tidak bau', 2, 1, '2025-10-20 17:26:04', '2025-10-20 17:26:04'),
(15, 'Lantai toilet kering dan tidak licin', 2, 2, '2025-10-20 17:26:04', '2025-10-20 17:26:04'),
(16, 'Kloset berfungsi dengan baik (tidak mampet)', 2, 3, '2025-10-20 17:26:04', '2025-10-20 17:26:04'),
(17, 'Keran air berfungsi normal (tidak bocor)', 2, 4, '2025-10-20 17:26:04', '2025-10-20 17:26:04'),
(18, 'Tempat sabun dan hand sanitizer terisi', 2, 5, '2025-10-20 17:26:04', '2025-10-20 17:26:04'),
(19, 'Tissue toilet tersedia dan dalam kondisi baik', 2, 6, '2025-10-20 17:26:04', '2025-10-20 17:26:04'),
(20, 'Hand dryer atau pengering tangan berfungsi', 2, 7, '2025-10-20 17:26:04', '2025-10-20 17:26:04'),
(21, 'Ventilasi udara berfungsi dengan baik', 2, 8, '2025-10-20 17:26:04', '2025-10-20 17:26:04'),
(22, 'Penerangan toilet cukup dan berfungsi', 2, 9, '2025-10-20 17:26:04', '2025-10-20 17:26:04'),
(23, 'Tempat sampah tersedia dan tidak penuh', 2, 10, '2025-10-20 17:26:04', '2025-10-20 17:26:04'),
(24, 'Cermin bersih dan tidak pecah', 2, 11, '2025-10-20 17:26:05', '2025-10-20 17:26:05'),
(25, 'Pintu toilet berfungsi dengan baik', 2, 12, '2025-10-20 17:26:05', '2025-10-20 17:26:05'),
(26, 'Saluran pembuangan lancar', 2, 13, '2025-10-20 17:26:05', '2025-10-20 17:26:05'),
(27, 'Halaman bersih dari sampah dan dedaunan', 3, 1, '2025-10-20 17:26:05', '2025-10-20 17:26:05'),
(28, 'Rumput dan tanaman terpangkas rapi', 3, 2, '2025-10-20 17:26:05', '2025-10-20 17:26:05'),
(29, 'Jalan setapak bersih dan tidak berlubang', 3, 3, '2025-10-20 17:26:05', '2025-10-20 17:26:05'),
(30, 'Lampu penerangan halaman berfungsi semua', 3, 4, '2025-10-20 17:26:05', '2025-10-20 17:26:05'),
(31, 'Area parkir kendaraan bersih dan rapi', 3, 5, '2025-10-20 17:26:05', '2025-10-20 17:26:05'),
(32, 'Marka parkir jelas dan tidak pudar', 3, 6, '2025-10-20 17:26:05', '2025-10-20 17:26:05'),
(33, 'Rambu-rambu parkir terpasang dengan baik', 3, 7, '2025-10-20 17:26:05', '2025-10-20 17:26:05'),
(34, 'Saluran air halaman tidak tersumbat', 3, 8, '2025-10-20 17:26:05', '2025-10-20 17:26:05'),
(35, 'Pagar dan pembatas dalam kondisi baik', 3, 9, '2025-10-20 17:26:05', '2025-10-20 17:26:05'),
(36, 'Tempat duduk taman bersih dan utuh', 3, 10, '2025-10-20 17:26:05', '2025-10-20 17:26:05'),
(37, 'Area bermain anak bersih dan aman', 3, 11, '2025-10-20 17:26:05', '2025-10-20 17:26:05'),
(38, 'Tempat sampah outdoor tersedia dan tidak penuh', 3, 12, '2025-10-20 17:26:05', '2025-10-20 17:26:05'),
(39, 'Sistem keamanan halaman berfungsi', 3, 13, '2025-10-20 17:26:05', '2025-10-20 17:26:05');

-- --------------------------------------------------------

--
-- Table structure for table `sessions`
--

CREATE TABLE `sessions` (
  `id` varchar(255) COLLATE utf8mb4_unicode_ci NOT NULL,
  `user_id` bigint UNSIGNED DEFAULT NULL,
  `ip_address` varchar(45) COLLATE utf8mb4_unicode_ci DEFAULT NULL,
  `user_agent` text COLLATE utf8mb4_unicode_ci,
  `payload` longtext COLLATE utf8mb4_unicode_ci NOT NULL,
  `last_activity` int NOT NULL
) ENGINE=InnoDB DEFAULT CHARSET=utf8mb4 COLLATE=utf8mb4_unicode_ci;

--
-- Dumping data for table `sessions`
--

INSERT INTO `sessions` (`id`, `user_id`, `ip_address`, `user_agent`, `payload`, `last_activity`) VALUES
('0LURrAqtZgxZ2cSqjwOkSSXbar4dQv0ZY1ooCooD', 4, '127.0.0.1', 'Mozilla/5.0 (Windows NT 10.0; Win64; x64) AppleWebKit/537.36 (KHTML, like Gecko) Chrome/141.0.0.0 Safari/537.36 Edg/141.0.0.0', 'YTo0OntzOjY6Il90b2tlbiI7czo0MDoicnc0TnA2NURWNDIwVVhjT3NvdjhPWmN0M1hWTktac3VQRzlOaGFxeCI7czo2OiJfZmxhc2giO2E6Mjp7czozOiJvbGQiO2E6MDp7fXM6MzoibmV3IjthOjA6e319czo5OiJfcHJldmlvdXMiO2E6MTp7czozOiJ1cmwiO3M6MzQ6Imh0dHA6Ly8xMjcuMC4wLjE6ODAwMC9wZXJ0YW55YWFuLzEiO31zOjUwOiJsb2dpbl93ZWJfNTliYTM2YWRkYzJiMmY5NDAxNTgwZjAxNGM3ZjU4ZWE0ZTMwOTg5ZCI7aTo0O30=', 1761029531),
('p9la5UNCsaWyhRBvSozGiv7S0x5T5SBSf4pCB33U', 4, '127.0.0.1', 'Mozilla/5.0 (Windows NT 10.0; Win64; x64) AppleWebKit/537.36 (KHTML, like Gecko) Chrome/141.0.0.0 Safari/537.36 Edg/141.0.0.0', 'YTo0OntzOjY6Il90b2tlbiI7czo0MDoiYlFpaHhXNTEzVUdlV2x6TTZVN2NFSDQybzN3Vkp5ejJxek5pVnc3VCI7czo2OiJfZmxhc2giO2E6Mjp7czozOiJvbGQiO2E6MDp7fXM6MzoibmV3IjthOjA6e319czo5OiJfcHJldmlvdXMiO2E6MTp7czozOiJ1cmwiO3M6MzA6Imh0dHA6Ly8xMjcuMC4wLjE6ODAwMC9yZWdpc3RlciI7fXM6NTA6ImxvZ2luX3dlYl81OWJhMzZhZGRjMmIyZjk0MDE1ODBmMDE0YzdmNThlYTRlMzA5ODlkIjtpOjQ7fQ==', 1761029350);

-- --------------------------------------------------------

--
-- Table structure for table `users`
--

CREATE TABLE `users` (
  `id` bigint UNSIGNED NOT NULL,
  `nip` varchar(255) COLLATE utf8mb4_unicode_ci NOT NULL,
  `name` varchar(255) COLLATE utf8mb4_unicode_ci NOT NULL,
  `jabatan` varchar(255) COLLATE utf8mb4_unicode_ci NOT NULL,
  `unit_kerja` varchar(255) COLLATE utf8mb4_unicode_ci NOT NULL,
  `provinsi` varchar(255) COLLATE utf8mb4_unicode_ci NOT NULL,
  `email` varchar(255) COLLATE utf8mb4_unicode_ci NOT NULL,
  `email_verified_at` timestamp NULL DEFAULT NULL,
  `password` varchar(255) COLLATE utf8mb4_unicode_ci NOT NULL,
  `role` enum('admin','pengawas') COLLATE utf8mb4_unicode_ci NOT NULL DEFAULT 'pengawas',
  `is_active` tinyint(1) NOT NULL DEFAULT '1',
  `remember_token` varchar(100) COLLATE utf8mb4_unicode_ci DEFAULT NULL,
  `created_at` timestamp NULL DEFAULT NULL,
  `updated_at` timestamp NULL DEFAULT NULL
) ENGINE=InnoDB DEFAULT CHARSET=utf8mb4 COLLATE=utf8mb4_unicode_ci;

--
-- Dumping data for table `users`
--

INSERT INTO `users` (`id`, `nip`, `name`, `jabatan`, `unit_kerja`, `provinsi`, `email`, `email_verified_at`, `password`, `role`, `is_active`, `remember_token`, `created_at`, `updated_at`) VALUES
(1, '12121', 'Administrator', 'CIIO', 'CIIO', 'Kalimantan Utara', 'admin@system.local', NULL, '$2y$12$wPPKllX2dIAAlFQZ3j1f7ezCbYvBeE3QHDWRIgY7k/sqHlqRwBHa6', 'admin', 1, NULL, '2025-10-20 17:26:04', '2025-10-20 17:26:04'),
(2, '12345', 'Pengawas Contoh', 'penganguran', 'gelandangan', 'Kalimantan Barat', 'pengawas@system.local', NULL, '$2y$12$JC7PDVdr.MnBYmti4LDV0uwwoQN6hR8FRgH7XCzN2tB18kKvUeOnq', 'pengawas', 1, NULL, '2025-10-20 17:26:04', '2025-10-20 17:26:04'),
(3, '12233', 'MINGKEM', 'OWNER', 'OWNER', 'Nusa Tenggara Timur', 'yaaa@example.com', NULL, '$2y$12$v/hZ83OxIIOXUKXunqCxWuj9Oqn9.SE1yJivxxpMUQdvtO9GfVvfe', 'pengawas', 1, NULL, '2025-10-20 18:43:57', '2025-10-20 18:43:57'),
(4, '026', 'Saya', 'Kiper', 'Karbit', 'DKI Jakarta', 'kiper@example.com', NULL, '$2y$12$Jvu6wB1V.KQbrLnpX8jyFuG.xnWAj5rhCsk7.XU2y1kTRq.4WITCK', 'pengawas', 1, NULL, '2025-10-21 06:49:10', '2025-10-21 06:49:10');

--
-- Indexes for dumped tables
--

--
-- Indexes for table `inspeksis`
--
ALTER TABLE `inspeksis`
  ADD PRIMARY KEY (`id`),
  ADD KEY `inspeksis_pengawas_id_foreign` (`pengawas_id`);

--
-- Indexes for table `jawabans`
--
ALTER TABLE `jawabans`
  ADD PRIMARY KEY (`id`),
  ADD KEY `jawabans_inspeksi_id_foreign` (`inspeksi_id`),
  ADD KEY `jawabans_pertanyaan_id_foreign` (`pertanyaan_id`);

--
-- Indexes for table `kategori_inspeksis`
--
ALTER TABLE `kategori_inspeksis`
  ADD PRIMARY KEY (`id`);

--
-- Indexes for table `migrations`
--
ALTER TABLE `migrations`
  ADD PRIMARY KEY (`id`);

--
-- Indexes for table `pertanyaan`
--
ALTER TABLE `pertanyaan`
  ADD PRIMARY KEY (`id`),
  ADD KEY `pertanyaan_kategori_id_foreign` (`kategori_id`);

--
-- Indexes for table `sessions`
--
ALTER TABLE `sessions`
  ADD PRIMARY KEY (`id`),
  ADD KEY `sessions_user_id_index` (`user_id`),
  ADD KEY `sessions_last_activity_index` (`last_activity`);

--
-- Indexes for table `users`
--
ALTER TABLE `users`
  ADD PRIMARY KEY (`id`),
  ADD UNIQUE KEY `users_email_unique` (`email`);

--
-- AUTO_INCREMENT for dumped tables
--

--
-- AUTO_INCREMENT for table `inspeksis`
--
ALTER TABLE `inspeksis`
  MODIFY `id` bigint UNSIGNED NOT NULL AUTO_INCREMENT, AUTO_INCREMENT=4;

--
-- AUTO_INCREMENT for table `jawabans`
--
ALTER TABLE `jawabans`
  MODIFY `id` bigint UNSIGNED NOT NULL AUTO_INCREMENT, AUTO_INCREMENT=79;

--
-- AUTO_INCREMENT for table `kategori_inspeksis`
--
ALTER TABLE `kategori_inspeksis`
  MODIFY `id` bigint UNSIGNED NOT NULL AUTO_INCREMENT, AUTO_INCREMENT=4;

--
-- AUTO_INCREMENT for table `migrations`
--
ALTER TABLE `migrations`
  MODIFY `id` int UNSIGNED NOT NULL AUTO_INCREMENT, AUTO_INCREMENT=11;

--
-- AUTO_INCREMENT for table `pertanyaan`
--
ALTER TABLE `pertanyaan`
  MODIFY `id` bigint UNSIGNED NOT NULL AUTO_INCREMENT, AUTO_INCREMENT=40;

--
-- AUTO_INCREMENT for table `users`
--
ALTER TABLE `users`
  MODIFY `id` bigint UNSIGNED NOT NULL AUTO_INCREMENT, AUTO_INCREMENT=5;

--
-- Constraints for dumped tables
--

--
-- Constraints for table `inspeksis`
--
ALTER TABLE `inspeksis`
  ADD CONSTRAINT `inspeksis_pengawas_id_foreign` FOREIGN KEY (`pengawas_id`) REFERENCES `users` (`id`) ON DELETE CASCADE;

--
-- Constraints for table `jawabans`
--
ALTER TABLE `jawabans`
  ADD CONSTRAINT `jawabans_inspeksi_id_foreign` FOREIGN KEY (`inspeksi_id`) REFERENCES `inspeksis` (`id`) ON DELETE CASCADE,
  ADD CONSTRAINT `jawabans_pertanyaan_id_foreign` FOREIGN KEY (`pertanyaan_id`) REFERENCES `pertanyaan` (`id`) ON DELETE CASCADE;

--
-- Constraints for table `pertanyaan`
--
ALTER TABLE `pertanyaan`
  ADD CONSTRAINT `pertanyaan_kategori_id_foreign` FOREIGN KEY (`kategori_id`) REFERENCES `kategori_inspeksis` (`id`) ON DELETE CASCADE;
COMMIT;

/*!40101 SET CHARACTER_SET_CLIENT=@OLD_CHARACTER_SET_CLIENT */;
/*!40101 SET CHARACTER_SET_RESULTS=@OLD_CHARACTER_SET_RESULTS */;
/*!40101 SET COLLATION_CONNECTION=@OLD_COLLATION_CONNECTION */;
